"b19013_001","fips"
61518,"02013"
84306,"02016"
78326,"02020"
51012,"02050"
79750,"02060"
81544,"02068"
54173,"02070"
71068,"02090"
58750,"02100"
52419,"02105"
85746,"02110"
63684,"02122"
64222,"02130"
70887,"02150"
38229,"02158"
50781,"02164"
72983,"02170"
48868,"02180"
72576,"02185"
63648,"02188"
67935,"02195"
48523,"02198"
70376,"02220"
69318,"02230"
62670,"02240"
78810,"02261"
48603,"02275"
72500,"02282"
38491,"02290"
51281,"01001"
50254,"01003"
32964,"01005"
38678,"01007"
45813,"01009"
31938,"01011"
32229,"01013"
41703,"01015"
34177,"01017"
36296,"01019"
41627,"01021"
33536,"01023"
32011,"01025"
35327,"01027"
38056,"01029"
46729,"01031"
40576,"01033"
24900,"01035"
31212,"01037"
36444,"01039"
36022,"01041"
38971,"01043"
45028,"01045"
27306,"01047"
38192,"01049"
53555,"01051"
32330,"01053"
39220,"01055"
34680,"01057"
35372,"01059"
36024,"01061"
20541,"01063"
32714,"01065"
41997,"01067"
41571,"01069"
37745,"01071"
45610,"01073"
35450,"01075"
43125,"01077"
40003,"01079"
44570,"01081"
49570,"01083"
25876,"01085"
30738,"01087"
57993,"01089"
32042,"01091"
32299,"01093"
38983,"01095"
43809,"01097"
27257,"01099"
44369,"01101"
45751,"01103"
24537,"01105"
30330,"01107"
32825,"01109"
36924,"01111"
37049,"01113"
51859,"01115"
70187,"01117"
19501,"01119"
35155,"01121"
39206,"01123"
46565,"01125"
35843,"01127"
42811,"01129"
23750,"01131"
33194,"01133"
36411,"05001"
34263,"05003"
35396,"05005"
56239,"05007"
39251,"05009"
33701,"05011"
36899,"05013"
36897,"05015"
28913,"05017"
35031,"05019"
32552,"05021"
42905,"05023"
43158,"05025"
36619,"05027"
37732,"05029"
42475,"05031"
41268,"05033"
38004,"05035"
38103,"05037"
34084,"05039"
27197,"05041"
32819,"05043"
51223,"05045"
39285,"05047"
37066,"05049"
38733,"05051"
46171,"05053"
41286,"05055"
32122,"05057"
40000,"05059"
34229,"05061"
36265,"05063"
32630,"05065"
31261,"05067"
36747,"05069"
34139,"05071"
31194,"05073"
32379,"05075"
28393,"05077"
32580,"05079"
36205,"05081"
35325,"05083"
53631,"05085"
37691,"05087"
34195,"05089"
40317,"05091"
34612,"05093"
27647,"05095"
33037,"05097"
30691,"05099"
34536,"05101"
31293,"05103"
42346,"05105"
26844,"05107"
33097,"05109"
33070,"05111"
33702,"05113"
39810,"05115"
35833,"05117"
46140,"05119"
34044,"05121"
32105,"05123"
55817,"05125"
37321,"05127"
33083,"05129"
38575,"05131"
36579,"05133"
30691,"05135"
29264,"05137"
38678,"05139"
32312,"05141"
43524,"05143"
42554,"05145"
28993,"05147"
37804,"05149"
31757,"04001"
45075,"04003"
50234,"04005"
39751,"04007"
45964,"04009"
51628,"04011"
34466,"04012"
54229,"04013"
38488,"04015"
35921,"04017"
46162,"04019"
49477,"04021"
40140,"04023"
44748,"04025"
40743,"04027"
75619,"06001"
52917,"06003"
54171,"06005"
43444,"06007"
53233,"06009"
52168,"06011"
80185,"06013"
40847,"06015"
69584,"06017"
45233,"06019"
39349,"06021"
42197,"06023"
41079,"06025"
45955,"06027"
49026,"06029"
46481,"06031"
35578,"06033"
51555,"06035"
56196,"06037"
45073,"06039"
93257,"06041"
47681,"06043"
42980,"06045"
42462,"06047"
37860,"06049"
56944,"06051"
58783,"06053"
71379,"06055"
56521,"06057"
76509,"06059"
73948,"06061"
47333,"06063"
56603,"06065"
55987,"06067"
71077,"06069"
53433,"06071"
64309,"06073"
81294,"06075"
53274,"06077"
60691,"06079"
93623,"06081"
63985,"06083"
96310,"06085"
67256,"06087"
44620,"06089"
42833,"06091"
37170,"06093"
66828,"06095"
64240,"06097"
50125,"06099"
52017,"06101"
41001,"06103"
34974,"06105"
42031,"06107"
50306,"06109"
77348,"06111"
54989,"06113"
46892,"06115"
58946,"08001"
32395,"08003"
63265,"08005"
46646,"08007"
38000,"08009"
36791,"08011"
70961,"08013"
81898,"08014"
51092,"08015"
52554,"08017"
67710,"08019"
36652,"08021"
31321,"08023"
31151,"08025"
35000,"08027"
42452,"08029"
53637,"08031"
31875,"08033"
102964,"08035"
72214,"08037"
84963,"08039"
58206,"08041"
40423,"08043"
56590,"08045"
65670,"08047"
63628,"08049"
48071,"08051"
57083,"08053"
31715,"08055"
46014,"08057"
70164,"08059"
40304,"08061"
40603,"08063"
45367,"08065"
60278,"08067"
59805,"08069"
45067,"08071"
39005,"08073"
42319,"08075"
49322,"08077"
48125,"08079"
51387,"08081"
43553,"08083"
43999,"08085"
48450,"08087"
32311,"08089"
61624,"08091"
56969,"08093"
43639,"08095"
71196,"08097"
40179,"08099"
41286,"08101"
61842,"08103"
39672,"08105"
64963,"08107"
33393,"08109"
36324,"08111"
56047,"08113"
44191,"08115"
67983,"08117"
62372,"08119"
45541,"08121"
60572,"08123"
43105,"08125"
84233,"09001"
66395,"09003"
72061,"09005"
79893,"09007"
61640,"09009"
66233,"09011"
79626,"09013"
59392,"09015"
70848,"11001"
54976,"10001"
65476,"10003"
53751,"10005"
43073,"12001"
47121,"12003"
47368,"12005"
41606,"12007"
48925,"12009"
51968,"12011"
34510,"12013"
44244,"12015"
38312,"12017"
58290,"12019"
57452,"12021"
41926,"12023"
35165,"12027"
36292,"12029"
47690,"12031"
45390,"12033"
47866,"12035"
40401,"12037"
35567,"12039"
40623,"12041"
34877,"12043"
41788,"12045"
35048,"12047"
35457,"12049"
36771,"12051"
40945,"12053"
35093,"12055"
50579,"12057"
35020,"12059"
45798,"12061"
35098,"12063"
43355,"12065"
35864,"12067"
46403,"12069"
48537,"12071"
46745,"12073"
35782,"12075"
39406,"12077"
32164,"12079"
49675,"12081"
39459,"12083"
51593,"12085"
43129,"12086"
57290,"12087"
54116,"12089"
55880,"12091"
35405,"12093"
47943,"12095"
44254,"12097"
53363,"12099"
45064,"12101"
45819,"12103"
43162,"12105"
31715,"12107"
66194,"12109"
43459,"12111"
58923,"12113"
51766,"12115"
57010,"12117"
50350,"12119"
36289,"12121"
36181,"12123"
39163,"12125"
41117,"12127"
50340,"12129"
44966,"12131"
38970,"12133"
37135,"13001"
30933,"13003"
37162,"13005"
44297,"13007"
32460,"13009"
41472,"13011"
52012,"13013"
48893,"13015"
29994,"13017"
31835,"13019"
36519,"13021"
38991,"13023"
37206,"13025"
32663,"13027"
63327,"13029"
36032,"13031"
33641,"13033"
41667,"13035"
25513,"13037"
52473,"13039"
30185,"13043"
43586,"13045"
50876,"13047"
42778,"13049"
47218,"13051"
43378,"13053"
32913,"13055"
68926,"13057"
32162,"13059"
20438,"13061"
40938,"13063"
24015,"13065"
65873,"13067"
33965,"13069"
32409,"13071"
71021,"13073"
35683,"13075"
62461,"13077"
41825,"13079"
31615,"13081"
46434,"13083"
56943,"13085"
31284,"13087"
51376,"13089"
34271,"13091"
28696,"13093"
32084,"13095"
53881,"13097"
31680,"13099"
32959,"13101"
63100,"13103"
35388,"13105"
32229,"13107"
37865,"13109"
37049,"13111"
79066,"13113"
41549,"13115"
88816,"13117"
33816,"13119"
57207,"13121"
40228,"13123"
40759,"13125"
45918,"13127"
41612,"13129"
34187,"13131"
42408,"13133"
60289,"13135"
40907,"13137"
51202,"13139"
24925,"13141"
41910,"13143"
63824,"13145"
37653,"13147"
41525,"13149"
60424,"13151"
53270,"13153"
34156,"13155"
53379,"13157"
42368,"13159"
36385,"13161"
26557,"13163"
24604,"13165"
34438,"13167"
51857,"13169"
40344,"13171"
37605,"13173"
32356,"13175"
61537,"13177"
42201,"13179"
34243,"13181"
48863,"13183"
36834,"13185"
43804,"13187"
36656,"13189"
42988,"13191"
28684,"13193"
41912,"13195"
36242,"13197"
35832,"13199"
33983,"13201"
31915,"13205"
48744,"13207"
34672,"13209"
51820,"13211"
35539,"13213"
42306,"13215"
49179,"13217"
72182,"13219"
44226,"13221"
60109,"13223"
41588,"13225"
54123,"13227"
40247,"13229"
51338,"13231"
37853,"13233"
38750,"13235"
44299,"13237"
31487,"13239"
35211,"13241"
28377,"13243"
37424,"13245"
50455,"13247"
39375,"13249"
34466,"13251"
34905,"13253"
40246,"13255"
40315,"13257"
21118,"13259"
32758,"13261"
34078,"13263"
26306,"13265"
33980,"13267"
28143,"13269"
26449,"13271"
28688,"13273"
36641,"13275"
37653,"13277"
33679,"13279"
37000,"13281"
38596,"13283"
41489,"13285"
31806,"13287"
30468,"13289"
40799,"13291"
35774,"13293"
41632,"13295"
54453,"13297"
34909,"13299"
29176,"13301"
37932,"13303"
38955,"13305"
37063,"13307"
27620,"13309"
40888,"13311"
40596,"13313"
32043,"13315"
32727,"13317"
38485,"13319"
37974,"13321"
52108,"15001"
74460,"15003"
66250,"15005"
65101,"15007"
66476,"15009"
46526,"19001"
48043,"19003"
45890,"19005"
41394,"19007"
46979,"19009"
60606,"19011"
48369,"19013"
52985,"19015"
62163,"19017"
56150,"19019"
48195,"19021"
52360,"19023"
44921,"19025"
50559,"19027"
43750,"19029"
59047,"19031"
46122,"19033"
48599,"19035"
47040,"19037"
43327,"19039"
50389,"19041"
48007,"19043"
50498,"19045"
48084,"19047"
76320,"19049"
48888,"19051"
38560,"19053"
58274,"19055"
44423,"19057"
57265,"19059"
54605,"19061"
47795,"19063"
44928,"19065"
44797,"19067"
48605,"19069"
53324,"19071"
46898,"19073"
56750,"19075"
51013,"19077"
49813,"19079"
52981,"19081"
51019,"19083"
53567,"19085"
49321,"19087"
49869,"19089"
47252,"19091"
46993,"19093"
59375,"19095"
49028,"19097"
55033,"19099"
42899,"19101"
55700,"19103"
55060,"19105"
43838,"19107"
51496,"19109"
43312,"19111"
59322,"19113"
51144,"19115"
43962,"19117"
57130,"19119"
60060,"19121"
48726,"19123"
54693,"19125"
53351,"19127"
63979,"19129"
49488,"19131"
40302,"19133"
46304,"19135"
42418,"19137"
53676,"19139"
55227,"19141"
49448,"19143"
43912,"19145"
47113,"19147"
57130,"19149"
45069,"19151"
60061,"19153"
51976,"19155"
51006,"19157"
47042,"19159"
49572,"19161"
55114,"19163"
50952,"19165"
61627,"19167"
50438,"19169"
55203,"19171"
44246,"19173"
44351,"19175"
45111,"19177"
42095,"19179"
64447,"19181"
56390,"19183"
43358,"19185"
42408,"19187"
47668,"19189"
54429,"19191"
46720,"19193"
48459,"19195"
43698,"19197"
56356,"16001"
39565,"16003"
43779,"16005"
48654,"16007"
39863,"16009"
50155,"16011"
60088,"16013"
44238,"16015"
42171,"16017"
50762,"16019"
38961,"16021"
37891,"16023"
42614,"16025"
42888,"16027"
58021,"16029"
45695,"16031"
33672,"16033"
38837,"16035"
39457,"16037"
43848,"16039"
48133,"16041"
47988,"16043"
40828,"16045"
39930,"16047"
38191,"16049"
51171,"16051"
41630,"16053"
49403,"16055"
42439,"16057"
34329,"16059"
36505,"16061"
43273,"16063"
32233,"16065"
44853,"16067"
48160,"16069"
41338,"16071"
33440,"16073"
44257,"16075"
44779,"16077"
37665,"16079"
53474,"16081"
44048,"16083"
48384,"16085"
34775,"16087"
45965,"17001"
27265,"17003"
47946,"17005"
58248,"17007"
50739,"17009"
50423,"17011"
53869,"17013"
48631,"17015"
47434,"17017"
46495,"17019"
45334,"17021"
50517,"17023"
44209,"17025"
63236,"17027"
39588,"17029"
55251,"17031"
47468,"17033"
46061,"17035"
54101,"17037"
53959,"17039"
51810,"17041"
79658,"17043"
45691,"17045"
44497,"17047"
52224,"17049"
43944,"17051"
49947,"17053"
39512,"17055"
46083,"17057"
39636,"17059"
42565,"17061"
65887,"17063"
44159,"17065"
47699,"17067"
38838,"17069"
47672,"17071"
53480,"17073"
47834,"17075"
33871,"17077"
54209,"17079"
43247,"17081"
53271,"17083"
53221,"17085"
42287,"17087"
70696,"17089"
52110,"17091"
84385,"17093"
39976,"17095"
78026,"17097"
50633,"17099"
40841,"17101"
52379,"17103"
54254,"17105"
50539,"17107"
40314,"17109"
77222,"17111"
62211,"17113"
47176,"17115"
51206,"17117"
53431,"17119"
42238,"17121"
53423,"17123"
41567,"17125"
40977,"17127"
60486,"17129"
54757,"17131"
70859,"17133"
46966,"17135"
45978,"17137"
49681,"17139"
54849,"17141"
51147,"17143"
42478,"17145"
66261,"17147"
40588,"17149"
39223,"17151"
31980,"17153"
56358,"17155"
48158,"17157"
44127,"17159"
48817,"17161"
49895,"17163"
38258,"17165"
56167,"17167"
47723,"17169"
47222,"17171"
47850,"17173"
50085,"17175"
45331,"17177"
58194,"17179"
42606,"17181"
42977,"17183"
47491,"17185"
43699,"17187"
53202,"17189"
44993,"17191"
44648,"17193"
47401,"17195"
76101,"17197"
44453,"17199"
48225,"17201"
65852,"17203"
48188,"18001"
49092,"18003"
55050,"18005"
47046,"18007"
38190,"18009"
67552,"18011"
54615,"18013"
52005,"18015"
42290,"18017"
51699,"18019"
47602,"18021"
48478,"18023"
38695,"18025"
47342,"18027"
58680,"18029"
49799,"18031"
48341,"18033"
38830,"18035"
53513,"18037"
47913,"18039"
39379,"18041"
54914,"18043"
46760,"18045"
51748,"18047"
45332,"18049"
48303,"18051"
40294,"18053"
45397,"18055"
86222,"18057"
66606,"18059"
52128,"18061"
70163,"18063"
41855,"18065"
44226,"18067"
46945,"18069"
47000,"18071"
55374,"18073"
41021,"18075"
45718,"18077"
44736,"18079"
62147,"18081"
42725,"18083"
52821,"18085"
49964,"18087"
50135,"18089"
46872,"18091"
45875,"18093"
44195,"18095"
42168,"18097"
48485,"18099"
44589,"18101"
45184,"18103"
42404,"18105"
48213,"18107"
55432,"18109"
46895,"18111"
49331,"18113"
48780,"18115"
39812,"18117"
43948,"18119"
40781,"18121"
47470,"18123"
44399,"18125"
63926,"18127"
58101,"18129"
43836,"18131"
51355,"18133"
40810,"18135"
51170,"18137"
45121,"18139"
45471,"18141"
44442,"18143"
53584,"18145"
55247,"18147"
42208,"18149"
48472,"18151"
45023,"18153"
44061,"18155"
45932,"18157"
51613,"18159"
44277,"18161"
43046,"18163"
43600,"18165"
40313,"18167"
45649,"18169"
56042,"18171"
62185,"18173"
41289,"18175"
38494,"18177"
51101,"18179"
52154,"18181"
54389,"18183"
38698,"20001"
40696,"20003"
43581,"20005"
51811,"20007"
44013,"20009"
38280,"20011"
43724,"20013"
58897,"20015"
38707,"20017"
37993,"20019"
41388,"20021"
44500,"20023"
42589,"20025"
52066,"20027"
39282,"20029"
57433,"20031"
45288,"20033"
43860,"20035"
36534,"20037"
40657,"20039"
49096,"20041"
47209,"20043"
50939,"20045"
47303,"20047"
36458,"20049"
45579,"20051"
47736,"20053"
49227,"20055"
50777,"20057"
51081,"20059"
43992,"20061"
46364,"20063"
43826,"20065"
55432,"20067"
61000,"20069"
47750,"20071"
38838,"20073"
45114,"20075"
43973,"20077"
51327,"20079"
56484,"20081"
54856,"20083"
54077,"20085"
57236,"20087"
40553,"20089"
76113,"20091"
50506,"20093"
50844,"20095"
43963,"20097"
41439,"20099"
56507,"20101"
63726,"20103"
44276,"20105"
46964,"20107"
46875,"20109"
40021,"20111"
56128,"20113"
45927,"20115"
45374,"20117"
52250,"20119"
60966,"20121"
48217,"20123"
41083,"20125"
47089,"20127"
46028,"20129"
48653,"20131"
43195,"20133"
44904,"20135"
47852,"20137"
49915,"20139"
40216,"20141"
52479,"20143"
43250,"20145"
44170,"20147"
60216,"20149"
49550,"20151"
41579,"20153"
45288,"20155"
40449,"20157"
48460,"20159"
44437,"20161"
43558,"20163"
38854,"20165"
41102,"20167"
47801,"20169"
51850,"20171"
50657,"20173"
47134,"20175"
50378,"20177"
49750,"20179"
39029,"20181"
43848,"20183"
47377,"20185"
43780,"20187"
55433,"20189"
50141,"20191"
48504,"20193"
54000,"20195"
54688,"20197"
47279,"20199"
45159,"20201"
57171,"20203"
40306,"20205"
35787,"20207"
40113,"20209"
33362,"21001"
41326,"21003"
53974,"21005"
42244,"21007"
38370,"21009"
33483,"21011"
22443,"21013"
66730,"21015"
45208,"21017"
42319,"21019"
39704,"21021"
36327,"21023"
25817,"21025"
43479,"21027"
55975,"21029"
33536,"21031"
42537,"21033"
37034,"21035"
54621,"21037"
38829,"21039"
41439,"21041"
36696,"21043"
32341,"21045"
39521,"21047"
47959,"21049"
21549,"21051"
28025,"21053"
35316,"21055"
32019,"21057"
45989,"21059"
41710,"21061"
28224,"21063"
29770,"21065"
49778,"21067"
35469,"21069"
30096,"21071"
47964,"21073"
28359,"21075"
48370,"21077"
44243,"21079"
44824,"21081"
39530,"21083"
35030,"21085"
34982,"21087"
45370,"21089"
50476,"21091"
50765,"21093"
25814,"21095"
35681,"21097"
34774,"21099"
41036,"21101"
46495,"21103"
41218,"21105"
42346,"21107"
29826,"21109"
48695,"21111"
50558,"21113"
35570,"21115"
54296,"21117"
30411,"21119"
26599,"21121"
38578,"21123"
36020,"21125"
35935,"21127"
22698,"21129"
25872,"21131"
30333,"21133"
28630,"21135"
37139,"21137"
42171,"21139"
38570,"21141"
46931,"21143"
44067,"21145"
19328,"21147"
40770,"21149"
42390,"21151"
28500,"21153"
38826,"21155"
45212,"21157"
25795,"21159"
38824,"21161"
49884,"21163"
31503,"21165"
42083,"21167"
32294,"21169"
31045,"21171"
39275,"21173"
29707,"21175"
38961,"21177"
49298,"21179"
36097,"21181"
40189,"21183"
85452,"21185"
41934,"21187"
20985,"21189"
48353,"21191"
32667,"21193"
33183,"21195"
29736,"21197"
34790,"21199"
31741,"21201"
31555,"21203"
36860,"21205"
30720,"21207"
63027,"21209"
60324,"21211"
39679,"21213"
63000,"21215"
33340,"21217"
40497,"21219"
44083,"21221"
47409,"21223"
40120,"21225"
44911,"21227"
40976,"21229"
28573,"21231"
38917,"21233"
31014,"21235"
20504,"21237"
58750,"21239"
37649,"22001"
40948,"22003"
70551,"22005"
49167,"22007"
33739,"22009"
45969,"22011"
32876,"22013"
52892,"22015"
41234,"22017"
45312,"22019"
33294,"22021"
64231,"22023"
34904,"22025"
32072,"22027"
29654,"22029"
41468,"22031"
49285,"22033"
21099,"22035"
45520,"22037"
30009,"22039"
30275,"22041"
39914,"22043"
45261,"22045"
45117,"22047"
38029,"22049"
47947,"22051"
39063,"22053"
51869,"22055"
51030,"22057"
37310,"22059"
33467,"22061"
58251,"22063"
23854,"22065"
28003,"22067"
31345,"22069"
36792,"22071"
37754,"22073"
50314,"22075"
43825,"22077"
40734,"22079"
38000,"22081"
36421,"22083"
38828,"22085"
42753,"22087"
59990,"22089"
35437,"22091"
51107,"22093"
50921,"22095"
32625,"22097"
42794,"22099"
40781,"22101"
62137,"22103"
41302,"22105"
22940,"22107"
47826,"22109"
34992,"22111"
45374,"22113"
46312,"22115"
30705,"22117"
33681,"22119"
53703,"22121"
31926,"22123"
56685,"22125"
31087,"22127"
63251,"25001"
49956,"25003"
56842,"25005"
64222,"25007"
69068,"25009"
55221,"25011"
50461,"25013"
61368,"25015"
85118,"25017"
84057,"25019"
88262,"25021"
75459,"25023"
55044,"25025"
65313,"25027"
40551,"24001"
89860,"24003"
67095,"24005"
95828,"24009"
52465,"24011"
85385,"24013"
66396,"24015"
90607,"24017"
47093,"24019"
83700,"24021"
45432,"24023"
80465,"24025"
110238,"24027"
58147,"24029"
99435,"24031"
74260,"24033"
85963,"24035"
86987,"24037"
35154,"24039"
58228,"24041"
56228,"24043"
52278,"24045"
56773,"24047"
42241,"24510"
47537,"23001"
36923,"23003"
60051,"23005"
42811,"23007"
47030,"23009"
46917,"23011"
50693,"23013"
50462,"23015"
40630,"23017"
44271,"23019"
37495,"23021"
53298,"23023"
40066,"23025"
44082,"23027"
38083,"23029"
57919,"23031"
38033,"26001"
39300,"26003"
54264,"26005"
38829,"26007"
46845,"26009"
38307,"26011"
39803,"26013"
55064,"26015"
45583,"26017"
47388,"26019"
44993,"26021"
44373,"26023"
42520,"26025"
46570,"26027"
46554,"26029"
40219,"26031"
41993,"26033"
33015,"26035"
60909,"26037"
41743,"26039"
42031,"26041"
43779,"26043"
54993,"26045"
51018,"26047"
42327,"26049"
38021,"26051"
35686,"26053"
52950,"26055"
41912,"26057"
41961,"26059"
37776,"26061"
42161,"26063"
45679,"26065"
49124,"26067"
37317,"26069"
33663,"26071"
39377,"26073"
46326,"26075"
47476,"26077"
40534,"26079"
53063,"26081"
37813,"26083"
30439,"26085"
52996,"26087"
56189,"26089"
48043,"26091"
75204,"26093"
37088,"26095"
38434,"26097"
54582,"26099"
41395,"26101"
45409,"26103"
42024,"26105"
41889,"26107"
40373,"26109"
54059,"26111"
41098,"26113"
55653,"26115"
41584,"26117"
36250,"26119"
42829,"26121"
43693,"26123"
67465,"26125"
41617,"26127"
36063,"26129"
34459,"26131"
38999,"26133"
33021,"26135"
48917,"26137"
58989,"26139"
41213,"26141"
35133,"26143"
43042,"26145"
49730,"26147"
44449,"26149"
41100,"26151"
34118,"26153"
48233,"26155"
43768,"26157"
46008,"26159"
61003,"26161"
41210,"26163"
41534,"26165"
42252,"27001"
70873,"27003"
52038,"27005"
44757,"27007"
52178,"27009"
47794,"27011"
50061,"27013"
52598,"27015"
53227,"27017"
86323,"27019"
46531,"27021"
50858,"27023"
71001,"27025"
57965,"27027"
43421,"27029"
52299,"27031"
46750,"27033"
49435,"27035"
75567,"27037"
68116,"27039"
54531,"27041"
47540,"27043"
51665,"27045"
47105,"27047"
57062,"27049"
50174,"27051"
65834,"27053"
53809,"27055"
47486,"27057"
59865,"27059"
47761,"27061"
50574,"27063"
47384,"27065"
52632,"27067"
52326,"27069"
42919,"27071"
49903,"27073"
48417,"27075"
42263,"27077"
60632,"27079"
49575,"27081"
51600,"27083"
56128,"27085"
41118,"27087"
54092,"27089"
51391,"27091"
55042,"27093"
49094,"27095"
50049,"27097"
49427,"27099"
51983,"27101"
58640,"27103"
50625,"27105"
50377,"27107"
68023,"27109"
52365,"27111"
47127,"27113"
44549,"27115"
46990,"27117"
53326,"27119"
52785,"27121"
56104,"27123"
50332,"27125"
47211,"27127"
52149,"27129"
59598,"27131"
51496,"27133"
53199,"27135"
48331,"27137"
87794,"27139"
74170,"27141"
56990,"27143"
56336,"27145"
57858,"27147"
52302,"27149"
49035,"27151"
46414,"27153"
49186,"27155"
56510,"27157"
41906,"27159"
53564,"27161"
83706,"27163"
50604,"27165"
51476,"27167"
50547,"27169"
73557,"27171"
53041,"27173"
37516,"29001"
55613,"29003"
43933,"29005"
41310,"29007"
39033,"29009"
37467,"29011"
41060,"29013"
33042,"29015"
39707,"29017"
49899,"29019"
46315,"29021"
35738,"29023"
43691,"29025"
47744,"29027"
44816,"29029"
46050,"29031"
42415,"29033"
33034,"29035"
61584,"29037"
31532,"29039"
40642,"29041"
53270,"29043"
43883,"29045"
62099,"29047"
54773,"29049"
53088,"29051"
44549,"29053"
36743,"29055"
37035,"29057"
38062,"29059"
41642,"29061"
41406,"29063"
36831,"29065"
30508,"29067"
31077,"29069"
48480,"29071"
42826,"29073"
41912,"29075"
41227,"29077"
37656,"29079"
39301,"29081"
42181,"29083"
32122,"29085"
42500,"29087"
44820,"29089"
32784,"29091"
36239,"29093"
46869,"29095"
41811,"29097"
55348,"29099"
49792,"29101"
38289,"29103"
39712,"29105"
50723,"29107"
40597,"29109"
43909,"29111"
53718,"29113"
37997,"29115"
43350,"29117"
38368,"29119"
36976,"29121"
35097,"29123"
39700,"29125"
40814,"29127"
40768,"29129"
38094,"29131"
28347,"29133"
47725,"29135"
43138,"29137"
39830,"29139"
33525,"29141"
33630,"29143"
43290,"29145"
35854,"29147"
29851,"29149"
52693,"29151"
31399,"29153"
29238,"29155"
51499,"29157"
39928,"29159"
41618,"29161"
41750,"29163"
68254,"29165"
41130,"29167"
47931,"29169"
36346,"29171"
47345,"29173"
37832,"29175"
52526,"29177"
35648,"29179"
32444,"29181"
72415,"29183"
32046,"29185"
47014,"29186"
39741,"29187"
59755,"29189"
40101,"29195"
37500,"29197"
39772,"29199"
39162,"29201"
32404,"29203"
39087,"29205"
38203,"29207"
40510,"29209"
40197,"29211"
38357,"29213"
35088,"29215"
40693,"29217"
51133,"29219"
35305,"29221"
33750,"29223"
44451,"29225"
45952,"29227"
29778,"29229"
35599,"29510"
28869,"28001"
36163,"28003"
30704,"28005"
32886,"28007"
33141,"28009"
27585,"28011"
31098,"28013"
37289,"28015"
30926,"28017"
30692,"28019"
23259,"28021"
35993,"28023"
31669,"28025"
28851,"28027"
35130,"28029"
31631,"28031"
58278,"28033"
36416,"28035"
38170,"28037"
44258,"28039"
40176,"28041"
31779,"28043"
43355,"28045"
41722,"28047"
37324,"28049"
20732,"28051"
23216,"28053"
23491,"28055"
35004,"28057"
48406,"28059"
31578,"28061"
20743,"28063"
26279,"28065"
37143,"28067"
30056,"28069"
44643,"28071"
52035,"28073"
38132,"28075"
35634,"28077"
33452,"28079"
42784,"28081"
24233,"28083"
36473,"28085"
40239,"28087"
64376,"28089"
30668,"28091"
37419,"28093"
36783,"28095"
30146,"28097"
35645,"28099"
37045,"28101"
26677,"28103"
32485,"28105"
36555,"28107"
40976,"28109"
34045,"28111"
31677,"28113"
40645,"28115"
32945,"28117"
24583,"28119"
58801,"28121"
32935,"28123"
30525,"28125"
35375,"28127"
32951,"28129"
45025,"28131"
27384,"28133"
29731,"28135"
42880,"28137"
35609,"28139"
35143,"28141"
31211,"28143"
35865,"28145"
31384,"28147"
41121,"28149"
29144,"28151"
32557,"28153"
34448,"28155"
29931,"28157"
33202,"28159"
36502,"28161"
28961,"28163"
41512,"30001"
41622,"30003"
36744,"30005"
50115,"30007"
49767,"30009"
45000,"30011"
45205,"30013"
38521,"30015"
48750,"30017"
49239,"30019"
52738,"30021"
39399,"30023"
53266,"30025"
40881,"30027"
47851,"30029"
55553,"30031"
39732,"30033"
29640,"30035"
40938,"30037"
48512,"30039"
44633,"30041"
60842,"30043"
44602,"30045"
38732,"30047"
56197,"30049"
47768,"30051"
35275,"30053"
40750,"30055"
46250,"30057"
41641,"30059"
36031,"30061"
46164,"30063"
39517,"30065"
43932,"30067"
43750,"30069"
36071,"30071"
42264,"30073"
46346,"30075"
40000,"30077"
42383,"30079"
39480,"30081"
65084,"30083"
32974,"30085"
51159,"30087"
32257,"30089"
50664,"30091"
37749,"30093"
58259,"30095"
50588,"30097"
46360,"30099"
44804,"30101"
41103,"30103"
49141,"30105"
32723,"30107"
38553,"30109"
52802,"30111"
41814,"37001"
39365,"37003"
36968,"37005"
33228,"37007"
36267,"37009"
37777,"37011"
40391,"37013"
30027,"37015"
30096,"37017"
46859,"37019"
45167,"37021"
39360,"37023"
54720,"37025"
35763,"37027"
58780,"37029"
48457,"37031"
37869,"37033"
44376,"37035"
56642,"37037"
34662,"37039"
38759,"37041"
37076,"37043"
39453,"37045"
34949,"37047"
47985,"37049"
44171,"37051"
60600,"37053"
54496,"37055"
43363,"37057"
51527,"37059"
35035,"37061"
52503,"37063"
32659,"37065"
45471,"37067"
42685,"37069"
42429,"37071"
49258,"37073"
34805,"37075"
50225,"37077"
35777,"37079"
45651,"37081"
32245,"37083"
46353,"37085"
42257,"37087"
46448,"37089"
33008,"37091"
41542,"37093"
42897,"37095"
52306,"37097"
38015,"37099"
50512,"37101"
34005,"37103"
45608,"37105"
34717,"37107"
49215,"37109"
35965,"37111"
39133,"37113"
37904,"37115"
35080,"37117"
56854,"37119"
37391,"37121"
32500,"37123"
50998,"37125"
42713,"37127"
50088,"37129"
30429,"37131"
46335,"37133"
59290,"37135"
43444,"37137"
45378,"37139"
44828,"37141"
44329,"37143"
42105,"37145"
41119,"37147"
46528,"37149"
41947,"37151"
32687,"37153"
30608,"37155"
38126,"37157"
43069,"37159"
35630,"37161"
35490,"37163"
30958,"37165"
40910,"37167"
40696,"37169"
36164,"37171"
33931,"37173"
45114,"37175"
32361,"37177"
65903,"37179"
33316,"37181"
67309,"37183"
34254,"37185"
34538,"37187"
37656,"37189"
40390,"37191"
33232,"37193"
39847,"37195"
37796,"37197"
37484,"37199"
52118,"38001"
53141,"38003"
41296,"38005"
70469,"38007"
56349,"38009"
66845,"38011"
60096,"38013"
65254,"38015"
53289,"38017"
66806,"38019"
53750,"38021"
56042,"38023"
69732,"38025"
48583,"38027"
44051,"38029"
55769,"38031"
40179,"38033"
48676,"38035"
44559,"38037"
48355,"38039"
52169,"38041"
54559,"38043"
54821,"38045"
51458,"38047"
57386,"38049"
42277,"38051"
72794,"38053"
55686,"38055"
72704,"38057"
62418,"38059"
68188,"38061"
51085,"38063"
60278,"38065"
53504,"38067"
42563,"38069"
50841,"38071"
56500,"38073"
65125,"38075"
55390,"38077"
33277,"38079"
57125,"38081"
48102,"38083"
38068,"38085"
55000,"38087"
72099,"38089"
55833,"38091"
52359,"38093"
56625,"38095"
54960,"38097"
49411,"38099"
61393,"38101"
48098,"38103"
88013,"38105"
50635,"31001"
45609,"31003"
39375,"31005"
48897,"31007"
48875,"31009"
50306,"31011"
51691,"31013"
40224,"31015"
36078,"31017"
53624,"31019"
47429,"31021"
51027,"31023"
65619,"31025"
52250,"31027"
52422,"31029"
48750,"31031"
53814,"31033"
51470,"31035"
51367,"31037"
50013,"31039"
46468,"31041"
49786,"31043"
41038,"31045"
48329,"31047"
50962,"31049"
51223,"31051"
49068,"31053"
54659,"31055"
42500,"31057"
52316,"31059"
45905,"31061"
49634,"31063"
39934,"31065"
50010,"31067"
45845,"31069"
43179,"31071"
54375,"31073"
44750,"31075"
42904,"31077"
49252,"31079"
59311,"31081"
46766,"31083"
44500,"31085"
39231,"31087"
46728,"31089"
37317,"31091"
50030,"31093"
43008,"31095"
45429,"31097"
51934,"31099"
41781,"31101"
38625,"31103"
40242,"31105"
45411,"31107"
51830,"31109"
50194,"31111"
48281,"31113"
55417,"31115"
54306,"31117"
50218,"31119"
51012,"31121"
45910,"31123"
42500,"31125"
49656,"31127"
40488,"31129"
50275,"31131"
41161,"31133"
55893,"31135"
50404,"31137"
54482,"31139"
56318,"31141"
57312,"31143"
42931,"31145"
42750,"31147"
48456,"31149"
51738,"31151"
70543,"31153"
60854,"31155"
45992,"31157"
59662,"31159"
41985,"31161"
46366,"31163"
41215,"31165"
53416,"31167"
45741,"31169"
51000,"31171"
41266,"31173"
44612,"31175"
65370,"31177"
54159,"31179"
40256,"31181"
46394,"31183"
51802,"31185"
62159,"33001"
53306,"33003"
57782,"33005"
42312,"33007"
55762,"33009"
71244,"33011"
65983,"33013"
81198,"33015"
60711,"33017"
56032,"33019"
54461,"34001"
85806,"34003"
78621,"34005"
62185,"34007"
57637,"34009"
49984,"34011"
53976,"34013"
76727,"34015"
59741,"34017"
105444,"34019"
72804,"34021"
79593,"34023"
85242,"34025"
100214,"34027"
61994,"34029"
59739,"34031"
61831,"34033"
100667,"34035"
86565,"34037"
69594,"34039"
70471,"34041"
47725,"35001"
42973,"35003"
40630,"35005"
34565,"35006"
32380,"35007"
41084,"35009"
32500,"35011"
38853,"35013"
56618,"35015"
38311,"35017"
30772,"35019"
33393,"35021"
34444,"35023"
57533,"35025"
40708,"35027"
101934,"35028"
27476,"35029"
28772,"35031"
23822,"35033"
39775,"35035"
29113,"35037"
36098,"35039"
35546,"35041"
58982,"35043"
48671,"35045"
29237,"35047"
54315,"35049"
29356,"35051"
34037,"35053"
36582,"35055"
32083,"35057"
36070,"35059"
41703,"35061"
47415,"32001"
51575,"32003"
58535,"32005"
71799,"32007"
39271,"32009"
60250,"32011"
65212,"32013"
78190,"32015"
44866,"32017"
47255,"32019"
38923,"32021"
41712,"32023"
45230,"32027"
64832,"32029"
52870,"32031"
57122,"32033"
47668,"32510"
59887,"36001"
42776,"36003"
34299,"36005"
46261,"36007"
42601,"36009"
52082,"36011"
42993,"36013"
50320,"36015"
45668,"36017"
49930,"36019"
59105,"36021"
49514,"36023"
43720,"36025"
71904,"36027"
51247,"36029"
52758,"36031"
47923,"36033"
46969,"36035"
50880,"36037"
50278,"36039"
48243,"36041"
46229,"36043"
49505,"36045"
48201,"36047"
49819,"36049"
51734,"36051"
54145,"36053"
52553,"36055"
43764,"36057"
99465,"36059"
72871,"36061"
49449,"36063"
48246,"36065"
55092,"36067"
57416,"36069"
70848,"36071"
46359,"36073"
47860,"36075"
48588,"36077"
96148,"36079"
57720,"36081"
60709,"36083"
73197,"36085"
84855,"36087"
44705,"36089"
71496,"36091"
58114,"36093"
51195,"36095"
47680,"36097"
49292,"36099"
47280,"36101"
88663,"36103"
50710,"36105"
57514,"36107"
52624,"36109"
58918,"36111"
56798,"36113"
51143,"36115"
50798,"36117"
83958,"36119"
52564,"36121"
49510,"36123"
35560,"39001"
44103,"39003"
48003,"39005"
40544,"39007"
33872,"39009"
54274,"39011"
43833,"39013"
45568,"39015"
57540,"39017"
47075,"39019"
50974,"39021"
43625,"39023"
60805,"39025"
46787,"39027"
44497,"39029"
41701,"39031"
40795,"39033"
44190,"39035"
44632,"39037"
50663,"39039"
91955,"39041"
48011,"39043"
60567,"39045"
40503,"39047"
52341,"39049"
55120,"39051"
37319,"39053"
72430,"39055"
60113,"39057"
40930,"39059"
49013,"39061"
50895,"39063"
42703,"39065"
43173,"39067"
53835,"39069"
39858,"39071"
42170,"39073"
51996,"39075"
48745,"39077"
39460,"39079"
41942,"39081"
48533,"39083"
58029,"39085"
42874,"39087"
56549,"39089"
49783,"39091"
52457,"39093"
41777,"39095"
57406,"39097"
41375,"39099"
42966,"39101"
66952,"39103"
37813,"39105"
53099,"39107"
51569,"39109"
41528,"39111"
43829,"39113"
37067,"39115"
51993,"39117"
41130,"39119"
41708,"39121"
53914,"39123"
45550,"39125"
42017,"39127"
57439,"39129"
40283,"39131"
52552,"39133"
47818,"39135"
60524,"39137"
41877,"39139"
43345,"39141"
47209,"39143"
35903,"39145"
45444,"39147"
54550,"39149"
47137,"39151"
50765,"39153"
43073,"39155"
45310,"39157"
67382,"39159"
48060,"39161"
40680,"39163"
74379,"39165"
43509,"39167"
50383,"39169"
42492,"39171"
53577,"39173"
47555,"39175"
33404,"40001"
50156,"40003"
36661,"40005"
52090,"40007"
48601,"40009"
41972,"40011"
38847,"40013"
40674,"40015"
64505,"40017"
44531,"40019"
38694,"40021"
30617,"40023"
46680,"40025"
56452,"40027"
38243,"40029"
46241,"40031"
46361,"40033"
38876,"40035"
45016,"40037"
46125,"40039"
37942,"40041"
50904,"40043"
50855,"40045"
48238,"40047"
40524,"40049"
52279,"40051"
50250,"40053"
40125,"40055"
31250,"40057"
48359,"40059"
35252,"40061"
35563,"40063"
41560,"40065"
33449,"40067"
38776,"40069"
42134,"40071"
60034,"40073"
39909,"40075"
39205,"40077"
36490,"40079"
45149,"40081"
55299,"40083"
44549,"40085"
56088,"40087"
32324,"40089"
36011,"40091"
51571,"40093"
40475,"40095"
42071,"40097"
47077,"40099"
39984,"40101"
48285,"40103"
39875,"40105"
36216,"40107"
47437,"40109"
38843,"40111"
45443,"40113"
36347,"40115"
45765,"40117"
37667,"40119"
42576,"40121"
43261,"40123"
44688,"40125"
32445,"40127"
50739,"40129"
58139,"40131"
36068,"40133"
35736,"40135"
43781,"40137"
50242,"40139"
37759,"40141"
49759,"40143"
55715,"40145"
50023,"40147"
49632,"40149"
55315,"40151"
55300,"40153"
41098,"41001"
49802,"41003"
65965,"41005"
46408,"41007"
53179,"41009"
38605,"41011"
37106,"41013"
40884,"41015"
51223,"41017"
41312,"41019"
44293,"41021"
38046,"41023"
37580,"41025"
55827,"41027"
44028,"41029"
46366,"41031"
37665,"41033"
40336,"41035"
32369,"41037"
44103,"41039"
42101,"41041"
45644,"41043"
35418,"41045"
48432,"41047"
50918,"41049"
54102,"41051"
52821,"41053"
38362,"41055"
42581,"41057"
48101,"41059"
43822,"41061"
40581,"41063"
43422,"41065"
66754,"41067"
33487,"41069"
53423,"41071"
60356,"42001"
53040,"42003"
44942,"42005"
50581,"42007"
45930,"42009"
55936,"42011"
43981,"42013"
48987,"42015"
77568,"42017"
60934,"42019"
42107,"42021"
39897,"42023"
49973,"42025"
52186,"42027"
85976,"42029"
42536,"42031"
42257,"42033"
45078,"42035"
45374,"42037"
44579,"42039"
61820,"42041"
53754,"42043"
65123,"42045"
46671,"42047"
45971,"42049"
39636,"42051"
35533,"42053"
53916,"42055"
48311,"42057"
46661,"42059"
44396,"42061"
45195,"42063"
42903,"42065"
47398,"42067"
46271,"42069"
57721,"42071"
44571,"42073"
55499,"42075"
56117,"42077"
45897,"42079"
47313,"42081"
43965,"42083"
44156,"42085"
41288,"42087"
57365,"42089"
80675,"42091"
54648,"42093"
60972,"42095"
42406,"42097"
57177,"42099"
38253,"42101"
60180,"42103"
40654,"42105"
45535,"42107"
49917,"42109"
44587,"42111"
44189,"42113"
50477,"42115"
46494,"42117"
49803,"42119"
43644,"42121"
44020,"42123"
56450,"42125"
49919,"42127"
52247,"42129"
51004,"42131"
58269,"42133"
72458,"44001"
64383,"44003"
69526,"44005"
49743,"44007"
72807,"44009"
34799,"45001"
45759,"45003"
25327,"45005"
42143,"45007"
31314,"45009"
34336,"45011"
57048,"45013"
52506,"45015"
43531,"45017"
53437,"45019"
35389,"45021"
31914,"45023"
32083,"45025"
33162,"45027"
32804,"45029"
35409,"45031"
28938,"45033"
54901,"45035"
46637,"45037"
36004,"45039"
42080,"45041"
42835,"45043"
50540,"45045"
37060,"45047"
31410,"45049"
43299,"45051"
37141,"45053"
43622,"45055"
44016,"45057"
38515,"45059"
30954,"45061"
53857,"45063"
38712,"45065"
29874,"45067"
30767,"45069"
40127,"45071"
41237,"45073"
34218,"45075"
41459,"45077"
49131,"45079"
38827,"45081"
43907,"45083"
41332,"45085"
34033,"45087"
28297,"45089"
54117,"45091"
48750,"46003"
46267,"46005"
42171,"46007"
45254,"46009"
50082,"46011"
53100,"46013"
49531,"46015"
31163,"46017"
41920,"46019"
45170,"46021"
43109,"46023"
49600,"46025"
36608,"46027"
48912,"46029"
31676,"46031"
52218,"46033"
49991,"46035"
39216,"46037"
53152,"46039"
37206,"46041"
52500,"46043"
56000,"46045"
45997,"46047"
43679,"46049"
51272,"46051"
37540,"46053"
41518,"46055"
58602,"46057"
47163,"46059"
60741,"46061"
52396,"46063"
59177,"46065"
45075,"46067"
51776,"46069"
45074,"46071"
53125,"46073"
35972,"46075"
53828,"46077"
54535,"46079"
45548,"46081"
76094,"46083"
43030,"46085"
56954,"46087"
36375,"46089"
51788,"46091"
52473,"46093"
30938,"46095"
44938,"46097"
53525,"46099"
52446,"46101"
26369,"46102"
50890,"46103"
39773,"46105"
46081,"46107"
48614,"46109"
50541,"46111"
48217,"46115"
56829,"46117"
60417,"46119"
31128,"46121"
37153,"46123"
53378,"46125"
64471,"46127"
43221,"46129"
48176,"46135"
35119,"46137"
42880,"47001"
41984,"47003"
33240,"47005"
37013,"47007"
48286,"47009"
42114,"47011"
32028,"47013"
41533,"47015"
35508,"47017"
33213,"47019"
51857,"47021"
40167,"47023"
34899,"47025"
28804,"47027"
31187,"47029"
41590,"47031"
35464,"47033"
38576,"47035"
48368,"47037"
37263,"47039"
38319,"47041"
44680,"47043"
42468,"47045"
54890,"47047"
30259,"47049"
42773,"47051"
38457,"47053"
41093,"47055"
35391,"47057"
35196,"47059"
27373,"47061"
37617,"47063"
48248,"47065"
26898,"47067"
31801,"47069"
35290,"47071"
36927,"47073"
34182,"47075"
38745,"47077"
38234,"47079"
36334,"47081"
39401,"47083"
41949,"47085"
31534,"47087"
42417,"47089"
30763,"47091"
48701,"47093"
30086,"47095"
30281,"47097"
37814,"47099"
36621,"47101"
40389,"47103"
51107,"47105"
38535,"47107"
32557,"47109"
33509,"47111"
42544,"47113"
41348,"47115"
42661,"47117"
47692,"47119"
34424,"47121"
35291,"47123"
50344,"47125"
49427,"47127"
39049,"47129"
40281,"47131"
35287,"47133"
31425,"47135"
36773,"47137"
38925,"47139"
35343,"47141"
36146,"47143"
40854,"47145"
53151,"47147"
56219,"47149"
30246,"47151"
45408,"47153"
42258,"47155"
46224,"47157"
43914,"47159"
42023,"47161"
40346,"47163"
57382,"47165"
53669,"47167"
41029,"47169"
33210,"47171"
37351,"47173"
40439,"47175"
35376,"47177"
42817,"47179"
30701,"47181"
37037,"47183"
34901,"47185"
96565,"47187"
61070,"47189"
41327,"48001"
70423,"48003"
44223,"48005"
41690,"48007"
60275,"48009"
59737,"48011"
52192,"48013"
53687,"48015"
37397,"48017"
49863,"48019"
54821,"48021"
36373,"48023"
42302,"48025"
50550,"48027"
51150,"48029"
55504,"48031"
73750,"48033"
44674,"48035"
42670,"48037"
69749,"48039"
39808,"48041"
38395,"48043"
38603,"48045"
22741,"48047"
41962,"48049"
51821,"48051"
49732,"48053"
47233,"48055"
51078,"48057"
40981,"48059"
33266,"48061"
37851,"48063"
66023,"48065"
37352,"48067"
39459,"48069"
70544,"48071"
39595,"48073"
36633,"48075"
48297,"48077"
39113,"48079"
42467,"48081"
35156,"48083"
84735,"48085"
39743,"48087"
46618,"48089"
65833,"48091"
37470,"48093"
48368,"48095"
52406,"48097"
49340,"48099"
34955,"48101"
58333,"48103"
53678,"48105"
37434,"48107"
35000,"48109"
41345,"48111"
50270,"48113"
41095,"48115"
43373,"48117"
42432,"48119"
75050,"48121"
49736,"48123"
39700,"48125"
36825,"48127"
36681,"48129"
33939,"48131"
34888,"48133"
57150,"48135"
41813,"48137"
62465,"48139"
41637,"48141"
41416,"48143"
36079,"48145"
44071,"48147"
47808,"48149"
41406,"48151"
41026,"48153"
36477,"48155"
89152,"48157"
41537,"48159"
44301,"48161"
36404,"48163"
57635,"48165"
62313,"48167"
48508,"48169"
54859,"48171"
67303,"48173"
51226,"48175"
42983,"48177"
43288,"48179"
47952,"48181"
47639,"48183"
46195,"48185"
62420,"48187"
43375,"48189"
30950,"48191"
42432,"48193"
44219,"48195"
37174,"48197"
52614,"48199"
54457,"48201"
45974,"48203"
63004,"48205"
39850,"48207"
58583,"48209"
62813,"48211"
41607,"48213"
34782,"48215"
41382,"48217"
50665,"48219"
56100,"48221"
44396,"48223"
32698,"48225"
49575,"48227"
26384,"48229"
45197,"48231"
49353,"48233"
58500,"48235"
50324,"48237"
54926,"48239"
40820,"48241"
50165,"48243"
43540,"48245"
35521,"48247"
42986,"48249"
58135,"48251"
43897,"48253"
45502,"48255"
60391,"48257"
73240,"48259"
36438,"48261"
47024,"48263"
43810,"48265"
40125,"48267"
63250,"48269"
38281,"48271"
38247,"48273"
40493,"48275"
40748,"48277"
39851,"48279"
49630,"48281"
37292,"48283"
48677,"48285"
53902,"48287"
49802,"48289"
48729,"48291"
37554,"48293"
63125,"48295"
50400,"48297"
48259,"48299"
NA,"48301"
46075,"48303"
39526,"48305"
40561,"48307"
42687,"48309"
46250,"48311"
39390,"48313"
34175,"48315"
55682,"48317"
37654,"48319"
40797,"48321"
33747,"48323"
57338,"48325"
34464,"48327"
68806,"48329"
38929,"48331"
43920,"48333"
49870,"48335"
46172,"48337"
68838,"48339"
49802,"48341"
39453,"48343"
31683,"48345"
39538,"48347"
41505,"48349"
38144,"48351"
37102,"48353"
50337,"48355"
51517,"48357"
50893,"48359"
49763,"48361"
39516,"48363"
50119,"48365"
67288,"48367"
45326,"48369"
50305,"48371"
39662,"48373"
38159,"48375"
32132,"48377"
48448,"48379"
60972,"48381"
52181,"48383"
36523,"48385"
31563,"48387"
43540,"48389"
44240,"48391"
63889,"48393"
46501,"48395"
87524,"48397"
41526,"48399"
46173,"48401"
31307,"48403"
28275,"48405"
43029,"48407"
52261,"48409"
39040,"48411"
55543,"48413"
56842,"48415"
48750,"48417"
37756,"48419"
51987,"48421"
46929,"48423"
51912,"48425"
26172,"48427"
43951,"48429"
53456,"48431"
42155,"48433"
51667,"48435"
37040,"48437"
58711,"48439"
45396,"48441"
31111,"48443"
37475,"48445"
41042,"48447"
44178,"48449"
46711,"48451"
61451,"48453"
34295,"48455"
41360,"48457"
46673,"48459"
46131,"48461"
38568,"48463"
42174,"48465"
44002,"48467"
51758,"48469"
37666,"48471"
51348,"48473"
51345,"48475"
51269,"48477"
38862,"48479"
45176,"48481"
52221,"48483"
45543,"48485"
41630,"48487"
26495,"48489"
73750,"48491"
68100,"48493"
55756,"48495"
56897,"48497"
45686,"48499"
56153,"48501"
44693,"48503"
32162,"48505"
26672,"48507"
50282,"49001"
55038,"49003"
50497,"49005"
46900,"49007"
56750,"49009"
71112,"49011"
61133,"49013"
49787,"49015"
42614,"49017"
41312,"49019"
43855,"49021"
54761,"49023"
50194,"49025"
51593,"49027"
74314,"49029"
35980,"49031"
50781,"49033"
62117,"49035"
41484,"49037"
50323,"49039"
46291,"49041"
91773,"49043"
63552,"49045"
66815,"49047"
62180,"49049"
66486,"49051"
50774,"49053"
40645,"49055"
56581,"49057"
39412,"51001"
68449,"51003"
45007,"51005"
56850,"51007"
47558,"51009"
48823,"51011"
105763,"51013"
54558,"51015"
43646,"51017"
56316,"51019"
45294,"51021"
60454,"51023"
36919,"51025"
29679,"51027"
40331,"51029"
47699,"51031"
59227,"51033"
35000,"51035"
49563,"51036"
35079,"51037"
72609,"51041"
71295,"51043"
44330,"51045"
66697,"51047"
39301,"51049"
33624,"51051"
51397,"51053"
42760,"51057"
112552,"51059"
91609,"51061"
48005,"51063"
63938,"51065"
46870,"51067"
69098,"51069"
46390,"51071"
61121,"51073"
79330,"51075"
29942,"51077"
61550,"51079"
38012,"51081"
35240,"51083"
78645,"51085"
61934,"51087"
35293,"51089"
43914,"51091"
65741,"51093"
75710,"51095"
48292,"51097"
81688,"51099"
62031,"51101"
50374,"51103"
31086,"51105"
123453,"51107"
57829,"51109"
39506,"51111"
47736,"51113"
63845,"51115"
37356,"51117"
54654,"51119"
46663,"51121"
47118,"51125"
73041,"51127"
35055,"51131"
51885,"51133"
36284,"51135"
65166,"51137"
43895,"51139"
33982,"51141"
41824,"51143"
77896,"51145"
41697,"51147"
61857,"51149"
98657,"51153"
47495,"51155"
57210,"51157"
47288,"51159"
60519,"51161"
48901,"51163"
53744,"51165"
35045,"51167"
37240,"51169"
49406,"51171"
37983,"51173"
48962,"51175"
78125,"51177"
97144,"51179"
53673,"51181"
39194,"51183"
37664,"51185"
61454,"51187"
43310,"51191"
47911,"51193"
37407,"51195"
41360,"51197"
81749,"51199"
89134,"51510"
35368,"51520"
29097,"51530"
49775,"51540"
68620,"51550"
50304,"51570"
34746,"51580"
32315,"51590"
28601,"51595"
105297,"51600"
120522,"51610"
32399,"51620"
51762,"51630"
30604,"51640"
49190,"51650"
38750,"51660"
39064,"51670"
34017,"51678"
39589,"51680"
72890,"51683"
73528,"51685"
29587,"51690"
50077,"51700"
44480,"51710"
27731,"51720"
31798,"51730"
83735,"51735"
45676,"51740"
29912,"51750"
40758,"51760"
39930,"51770"
50068,"51775"
40842,"51790"
65499,"51800"
66634,"51810"
45643,"51820"
48639,"51830"
45363,"51840"
59688,"50001"
49573,"50003"
45323,"50005"
65350,"50007"
36599,"50009"
58199,"50011"
62608,"50013"
50939,"50015"
53869,"50017"
42831,"50019"
49372,"50021"
58788,"50023"
51045,"50025"
52965,"50027"
46564,"53001"
44394,"53003"
60251,"53005"
51837,"53007"
47253,"53009"
60756,"53011"
38581,"53013"
47452,"53015"
53636,"53017"
38125,"53019"
56980,"53021"
45855,"53023"
48714,"53025"
43538,"53027"
58815,"53029"
49279,"53031"
75302,"53033"
62941,"53035"
46458,"53037"
48319,"53039"
44100,"53041"
46069,"53043"
50406,"53045"
40730,"53047"
37684,"53049"
40599,"53051"
59953,"53053"
55960,"53055"
54129,"53057"
52374,"53059"
70722,"53061"
50079,"53063"
41978,"53065"
61677,"53067"
44485,"53069"
47946,"53071"
53145,"53073"
36631,"53075"
44749,"53077"
43640,"55001"
39381,"55003"
45714,"55005"
46665,"55007"
53527,"55009"
50196,"55011"
41135,"55013"
67427,"55015"
52109,"55017"
45048,"55019"
59769,"55021"
44459,"55023"
62865,"55025"
53783,"55027"
51928,"55029"
47095,"55031"
49788,"55033"
49513,"55035"
48643,"55037"
55473,"55039"
40636,"55041"
49067,"55043"
56219,"55045"
46780,"55047"
55188,"55049"
42543,"55051"
47851,"55053"
56877,"55055"
44961,"55057"
54918,"55059"
56863,"55061"
50539,"55063"
51445,"55065"
41775,"55067"
49721,"55069"
48398,"55071"
54083,"55073"
43425,"55075"
46242,"55077"
35343,"55078"
43873,"55079"
50694,"55081"
52765,"55083"
46516,"55085"
58765,"55087"
76433,"55089"
49516,"55091"
61611,"55093"
50714,"55095"
51613,"55097"
43137,"55099"
55584,"55101"
44810,"55103"
50324,"55105"
39194,"55107"
70886,"55109"
51055,"55111"
41665,"55113"
47861,"55115"
53713,"55117"
45420,"55119"
51077,"55121"
47675,"55123"
41061,"55125"
53445,"55127"
42368,"55129"
69237,"55131"
76545,"55133"
51994,"55135"
45166,"55137"
52018,"55139"
48961,"55141"
37066,"54001"
55239,"54003"
39958,"54005"
32750,"54007"
46215,"54009"
38344,"54011"
35568,"54013"
31325,"54015"
39974,"54017"
36293,"54019"
37536,"54021"
39088,"54023"
39746,"54025"
27995,"54027"
39959,"54029"
40303,"54031"
43987,"54033"
41314,"54035"
66677,"54037"
45882,"54039"
37849,"54041"
35800,"54043"
36763,"54045"
24921,"54047"
43165,"54049"
45182,"54051"
36448,"54053"
36195,"54055"
31790,"54057"
33221,"54059"
45467,"54061"
36918,"54063"
39324,"54065"
39171,"54067"
40569,"54069"
36953,"54071"
44288,"54073"
36827,"54075"
45064,"54077"
56774,"54079"
41032,"54081"
39457,"54083"
37636,"54085"
31813,"54087"
36651,"54089"
43970,"54091"
40533,"54093"
38854,"54095"
40330,"54097"
36318,"54099"
29086,"54101"
39096,"54103"
39352,"54105"
41884,"54107"
33730,"54109"
42834,"56001"
51679,"56003"
80060,"56005"
56825,"56007"
62307,"56009"
60445,"56011"
52773,"56013"
42689,"56015"
45278,"56017"
54065,"56019"
60706,"56021"
66647,"56023"
56871,"56025"
40398,"56027"
56363,"56029"
38500,"56031"
55455,"56033"
81772,"56035"
69022,"56037"
75325,"56039"
56569,"56041"
47652,"56043"
57738,"56045"
