"popestimate2015","fips"
55347,"01001"
203709,"01003"
26489,"01005"
22583,"01007"
57673,"01009"
10696,"01011"
20154,"01013"
115620,"01015"
34123,"01017"
25859,"01019"
43943,"01021"
13170,"01023"
24675,"01025"
13555,"01027"
15018,"01029"
51211,"01031"
54354,"01033"
12672,"01035"
10724,"01037"
37835,"01039"
13963,"01041"
82005,"01043"
49565,"01045"
41131,"01047"
71130,"01049"
81468,"01051"
37789,"01053"
103057,"01055"
16759,"01057"
31696,"01059"
26777,"01061"
8479,"01063"
15068,"01065"
17221,"01067"
104173,"01069"
52419,"01071"
660367,"01073"
13886,"01075"
92596,"01077"
33115,"01079"
156993,"01081"
91663,"01083"
10458,"01085"
19105,"01087"
353089,"01089"
20028,"01091"
30168,"01093"
94725,"01095"
415395,"01097"
21673,"01099"
226519,"01101"
119565,"01103"
9652,"01105"
20864,"01107"
33046,"01109"
22696,"01111"
59660,"01113"
87074,"01115"
208713,"01117"
13103,"01119"
80862,"01121"
40844,"01123"
203976,"01125"
65294,"01127"
16804,"01129"
11059,"01131"
23877,"01133"
3341,"02013"
5702,"02016"
298695,"02020"
17946,"02050"
892,"02060"
1919,"02068"
4997,"02070"
99631,"02090"
2534,"02100"
2133,"02105"
32756,"02110"
58059,"02122"
13709,"02130"
13889,"02150"
8119,"02158"
1563,"02164"
101095,"02170"
9846,"02180"
9687,"02185"
7752,"02188"
3177,"02195"
6341,"02198"
8863,"02220"
1057,"02230"
6839,"02240"
9362,"02261"
2382,"02275"
613,"02282"
5533,"02290"
71474,"04001"
126427,"04003"
139097,"04005"
53159,"04007"
37666,"04009"
9529,"04011"
20152,"04012"
4167947,"04013"
204737,"04015"
108277,"04017"
1010025,"04019"
406584,"04021"
46461,"04023"
222255,"04025"
204275,"04027"
18433,"05001"
20838,"05003"
41053,"05005"
249672,"05007"
37222,"05009"
11094,"05011"
5229,"05013"
27704,"05015"
11027,"05017"
22633,"05019"
15109,"05021"
25467,"05023"
8311,"05025"
24114,"05027"
21019,"05029"
104354,"05031"
61703,"05033"
48963,"05035"
17284,"05037"
7604,"05039"
11965,"05041"
18778,"05043"
121552,"05045"
17702,"05047"
12204,"05049"
97177,"05051"
18102,"05053"
44196,"05055"
22084,"05057"
33426,"05059"
13300,"05061"
37052,"05063"
13445,"05065"
17338,"05067"
71565,"05069"
26141,"05071"
6996,"05073"
16779,"05075"
9650,"05077"
13820,"05079"
12472,"05081"
21714,"05083"
71645,"05085"
15767,"05087"
16185,"05089"
43908,"05091"
43738,"05093"
7399,"05095"
8970,"05097"
8558,"05099"
7913,"05101"
24358,"05103"
10189,"05105"
19513,"05107"
10824,"05109"
24040,"05111"
20216,"05113"
63390,"05115"
8291,"05117"
392664,"05119"
17469,"05121"
26589,"05123"
117460,"05125"
10513,"05127"
7869,"05129"
127780,"05131"
17290,"05133"
16912,"05135"
12456,"05137"
40144,"05139"
16771,"05141"
225477,"05143"
79161,"05145"
6741,"05147"
21713,"05149"
1638215,"06001"
1110,"06003"
37001,"06005"
225411,"06007"
44828,"06009"
21482,"06011"
1126745,"06013"
27254,"06015"
184452,"06017"
974861,"06019"
28017,"06021"
135727,"06023"
180191,"06025"
18260,"06027"
882176,"06029"
150965,"06031"
64591,"06033"
31345,"06035"
10170292,"06037"
154998,"06039"
261221,"06041"
17531,"06043"
87649,"06045"
268455,"06047"
8965,"06049"
13909,"06051"
433898,"06053"
142456,"06055"
98877,"06057"
3169776,"06059"
375391,"06061"
18409,"06063"
2361026,"06065"
1501335,"06067"
58792,"06069"
2128133,"06071"
3299521,"06073"
864816,"06075"
726106,"06077"
281401,"06079"
765135,"06081"
444769,"06083"
1918044,"06085"
274146,"06087"
179533,"06089"
2967,"06091"
43554,"06093"
436092,"06095"
502146,"06097"
538388,"06099"
96463,"06101"
63308,"06103"
13069,"06105"
459863,"06107"
53709,"06109"
850536,"06111"
213016,"06113"
74492,"06115"
491337,"08001"
16496,"08003"
631096,"08005"
12352,"08007"
3615,"08009"
5830,"08011"
319372,"08013"
65065,"08014"
18658,"08015"
1829,"08017"
9303,"08019"
8130,"08021"
3584,"08023"
5562,"08025"
4445,"08027"
29979,"08029"
682545,"08031"
1978,"08033"
322387,"08035"
53605,"08037"
24735,"08039"
674471,"08041"
46692,"08043"
58095,"08045"
5828,"08047"
14615,"08049"
16067,"08051"
774,"08053"
6492,"08055"
1356,"08057"
565524,"08059"
1423,"08061"
7758,"08063"
7485,"08065"
54688,"08067"
333577,"08069"
14058,"08071"
5557,"08073"
22036,"08075"
148513,"08077"
726,"08079"
12937,"08081"
26168,"08083"
40946,"08085"
28360,"08087"
18343,"08089"
4691,"08091"
16510,"08093"
4349,"08095"
17787,"08097"
11954,"08099"
163591,"08101"
6571,"08103"
11543,"08105"
24130,"08107"
6251,"08109"
701,"08111"
7879,"08113"
2399,"08115"
30257,"08117"
23385,"08119"
4864,"08121"
285174,"08123"
10146,"08125"
948053,"09001"
895841,"09003"
183603,"09005"
164063,"09007"
859470,"09009"
271863,"09011"
151420,"09013"
116573,"09015"
173533,"10001"
556779,"10003"
215622,"10005"
672228,"11001"
259964,"12001"
27420,"12003"
181635,"12005"
26928,"12007"
568088,"12009"
1896425,"12011"
14462,"12013"
173115,"12015"
141058,"12017"
203967,"12019"
357305,"12021"
68348,"12023"
35458,"12027"
16203,"12029"
913010,"12031"
311003,"12033"
105392,"12035"
11761,"12037"
46036,"12039"
17199,"12041"
13670,"12043"
15871,"12045"
14295,"12047"
27502,"12049"
39119,"12051"
178439,"12053"
99491,"12055"
1349050,"12057"
19324,"12059"
147919,"12061"
48599,"12063"
14081,"12065"
8663,"12067"
325875,"12069"
701982,"12071"
286272,"12073"
39832,"12075"
8331,"12077"
18408,"12079"
363369,"12081"
343254,"12083"
156283,"12085"
2693117,"12086"
77482,"12087"
78444,"12089"
198664,"12091"
39469,"12093"
1288126,"12095"
323993,"12097"
1422789,"12099"
497909,"12101"
949827,"12103"
650092,"12105"
72023,"12107"
226640,"12109"
298563,"12111"
167040,"12113"
405549,"12115"
449144,"12117"
118891,"12119"
43760,"12121"
22493,"12123"
15234,"12125"
517887,"12127"
31535,"12129"
63508,"12131"
24687,"12133"
18454,"13001"
8398,"13003"
11299,"13005"
3180,"13007"
45459,"13009"
18495,"13011"
75370,"13013"
102747,"13015"
17403,"13017"
18963,"13019"
153721,"13021"
12243,"13023"
18455,"13025"
15658,"13027"
35137,"13029"
72651,"13031"
22745,"13033"
23593,"13035"
6479,"13037"
52102,"13039"
10886,"13043"
114545,"13045"
66050,"13047"
12965,"13049"
286956,"13051"
11368,"13053"
24922,"13055"
235900,"13057"
123912,"13059"
3141,"13061"
273955,"13063"
6893,"13065"
741334,"13067"
43108,"13069"
45844,"13071"
144052,"13073"
17124,"13075"
138427,"13077"
12388,"13079"
22881,"13081"
16264,"13083"
23312,"13085"
27174,"13087"
734871,"13089"
20882,"13091"
14035,"13093"
91332,"13095"
140733,"13097"
10575,"13099"
4040,"13101"
57106,"13103"
19364,"13105"
22708,"13107"
10787,"13109"
24303,"13111"
110714,"13113"
96504,"13115"
212438,"13117"
22311,"13119"
1010562,"13121"
29400,"13123"
3065,"13125"
83579,"13127"
56574,"13129"
25205,"13131"
16710,"13133"
895823,"13135"
43996,"13137"
193535,"13139"
8551,"13141"
28854,"13143"
33381,"13145"
25534,"13147"
11539,"13149"
217739,"13151"
150033,"13153"
9245,"13155"
63360,"13157"
13635,"13159"
14920,"13161"
16106,"13163"
8957,"13165"
9656,"13167"
28494,"13169"
18201,"13171"
10312,"13173"
47731,"13175"
29202,"13177"
62467,"13179"
7673,"13181"
17731,"13183"
112865,"13185"
31408,"13187"
21540,"13189"
13969,"13191"
13632,"13193"
28441,"13195"
8761,"13197"
21190,"13199"
5854,"13201"
22574,"13205"
27103,"13207"
8951,"13209"
18046,"13211"
39565,"13213"
200579,"13215"
105473,"13217"
35965,"13219"
14871,"13221"
152238,"13223"
26720,"13225"
30309,"13227"
19103,"13229"
17941,"13231"
41524,"13233"
11396,"13235"
21353,"13237"
2302,"13239"
16281,"13241"
7193,"13243"
201793,"13245"
88856,"13247"
5168,"13249"
14162,"13251"
8647,"13253"
64051,"13255"
25586,"13257"
5851,"13259"
30779,"13261"
6337,"13263"
1639,"13265"
25229,"13267"
8330,"13269"
16400,"13271"
9113,"13273"
45063,"13275"
40764,"13277"
27241,"13279"
11182,"13281"
6785,"13283"
69763,"13285"
8214,"13287"
8390,"13289"
22267,"13291"
26368,"13293"
68066,"13295"
88399,"13297"
35370,"13299"
5460,"13301"
20816,"13303"
29534,"13305"
2648,"13307"
7903,"13309"
28319,"13311"
104216,"13313"
8857,"13315"
9867,"13317"
9155,"13319"
20699,"13321"
196428,"15001"
998714,"15003"
89,"15005"
71735,"15007"
164637,"15009"
434211,"16001"
3843,"16003"
83744,"16005"
5922,"16007"
9052,"16009"
44990,"16011"
21592,"16013"
7058,"16015"
41859,"16017"
110089,"16019"
11318,"16021"
2501,"16023"
1066,"16025"
207478,"16027"
6770,"16029"
23506,"16031"
880,"16033"
8496,"16035"
4087,"16037"
25876,"16039"
13074,"16041"
12819,"16043"
16852,"16045"
15284,"16047"
16272,"16049"
27157,"16051"
22814,"16053"
150346,"16055"
38778,"16057"
7735,"16059"
3789,"16061"
5297,"16063"
38273,"16065"
20461,"16067"
40048,"16069"
4281,"16071"
11310,"16073"
22896,"16075"
7648,"16077"
12432,"16079"
10564,"16081"
82375,"16083"
10103,"16085"
9984,"16087"
67013,"17001"
6780,"17003"
16950,"17005"
53585,"17007"
6829,"17009"
33587,"17011"
4899,"17013"
14616,"17015"
12847,"17017"
208861,"17019"
33642,"17021"
15979,"17023"
13428,"17025"
37786,"17027"
52521,"17029"
5238216,"17031"
19414,"17033"
10898,"17035"
104352,"17037"
16247,"17039"
19823,"17041"
933736,"17043"
17664,"17045"
6534,"17047"
34371,"17049"
22043,"17051"
13736,"17053"
39485,"17055"
35699,"17057"
5265,"17059"
13241,"17061"
50541,"17063"
8200,"17065"
18543,"17067"
4135,"17069"
6995,"17071"
49489,"17073"
28672,"17075"
59362,"17077"
9607,"17079"
38353,"17081"
22372,"17083"
22086,"17085"
12762,"17087"
530847,"17089"
110879,"17091"
123355,"17093"
51441,"17095"
703910,"17097"
111333,"17099"
16491,"17101"
34584,"17103"
36671,"17105"
29494,"17107"
31333,"17109"
307343,"17111"
173166,"17113"
107303,"17115"
46045,"17117"
266209,"17119"
38339,"17121"
11982,"17123"
13701,"17125"
14766,"17127"
12444,"17129"
15858,"17131"
33879,"17133"
28898,"17135"
34828,"17137"
14931,"17139"
51659,"17141"
186221,"17143"
21543,"17145"
16387,"17147"
15989,"17149"
4226,"17151"
5678,"17153"
5644,"17155"
32852,"17157"
16029,"17159"
146133,"17161"
264052,"17163"
24548,"17165"
198712,"17167"
7032,"17169"
5092,"17171"
21775,"17173"
5788,"17175"
45749,"17177"
134800,"17179"
17408,"17181"
79282,"17183"
11542,"17185"
17527,"17187"
14270,"17189"
16423,"17191"
14327,"17193"
57079,"17195"
687263,"17197"
67466,"17199"
287078,"17201"
39227,"17203"
34980,"18001"
368450,"18003"
81162,"18005"
8681,"18007"
12298,"18009"
63344,"18011"
14977,"18013"
19856,"18015"
37979,"18017"
115371,"18019"
26503,"18021"
32609,"18023"
10483,"18025"
32906,"18027"
49455,"18029"
26521,"18031"
42589,"18033"
116852,"18035"
42461,"18037"
203474,"18039"
23434,"18041"
76778,"18043"
16591,"18045"
22872,"18047"
20315,"18049"
33775,"18051"
67979,"18053"
32441,"18055"
309697,"18057"
72520,"18059"
39578,"18061"
158192,"18063"
48985,"18065"
82556,"18067"
36630,"18069"
44069,"18071"
33470,"18073"
21121,"18075"
32416,"18077"
27897,"18079"
149633,"18081"
37927,"18083"
78620,"18085"
38809,"18087"
487865,"18089"
110884,"18091"
45495,"18093"
129723,"18095"
939020,"18097"
46857,"18099"
10226,"18101"
35862,"18103"
144705,"18105"
38227,"18107"
69648,"18109"
14008,"18111"
47733,"18113"
5938,"18115"
19605,"18117"
20872,"18119"
16901,"18121"
19347,"18123"
12594,"18125"
167688,"18127"
25512,"18129"
12889,"18131"
37585,"18133"
25172,"18135"
28701,"18137"
16672,"18139"
268441,"18141"
23744,"18143"
44478,"18145"
20715,"18147"
22958,"18149"
34372,"18151"
20928,"18153"
10524,"18155"
185826,"18157"
15267,"18159"
7182,"18161"
181877,"18163"
15692,"18165"
107896,"18167"
32138,"18169"
8269,"18171"
61897,"18173"
27827,"18175"
67001,"18177"
27964,"18179"
24293,"18181"
33406,"18183"
7228,"19001"
3796,"19003"
13886,"19005"
12529,"19007"
5773,"19009"
25658,"19011"
133455,"19013"
26643,"19015"
24722,"19017"
21062,"19019"
20493,"19021"
14915,"19023"
9818,"19025"
20498,"19027"
13427,"19029"
18340,"19031"
43017,"19033"
11574,"19035"
12097,"19037"
9259,"19039"
16507,"19041"
17644,"19043"
47768,"19045"
17094,"19047"
80133,"19049"
8769,"19051"
8220,"19053"
17403,"19055"
40055,"19057"
17111,"19059"
97125,"19061"
9769,"19063"
20257,"19065"
15960,"19067"
10295,"19069"
6906,"19071"
9027,"19073"
12435,"19075"
10676,"19077"
15190,"19079"
10974,"19081"
17367,"19083"
14265,"19085"
19950,"19087"
9410,"19089"
9555,"19091"
7028,"19093"
16401,"19095"
19444,"19097"
36827,"19099"
17555,"19101"
144251,"19103"
20466,"19105"
10163,"19107"
15165,"19109"
35089,"19111"
219916,"19113"
11185,"19115"
8682,"19117"
11745,"19119"
15753,"19121"
22324,"19123"
33294,"19125"
40746,"19127"
14844,"19129"
10832,"19131"
8979,"19133"
7973,"19135"
10234,"19137"
43011,"19139"
13984,"19141"
6154,"19143"
15527,"19145"
9133,"19147"
24800,"19149"
7008,"19151"
467711,"19153"
93671,"19155"
18550,"19157"
5068,"19159"
10021,"19161"
172126,"19163"
11927,"19165"
34937,"19167"
96021,"19169"
17337,"19171"
6205,"19173"
12469,"19175"
7344,"19177"
35173,"19179"
48626,"19181"
22247,"19183"
6385,"19185"
37071,"19187"
10609,"19189"
20709,"19191"
102782,"19193"
7569,"19195"
12773,"19197"
12717,"20001"
7808,"20003"
16398,"20005"
4823,"20007"
27103,"20009"
14712,"20011"
9776,"20013"
66741,"20015"
2679,"20017"
3402,"20019"
20533,"20021"
2679,"20023"
2096,"20025"
8347,"20027"
9219,"20029"
8384,"20031"
1843,"20033"
35788,"20035"
39217,"20037"
2932,"20039"
19303,"20041"
7797,"20043"
118053,"20045"
2968,"20047"
2605,"20049"
29029,"20051"
6343,"20053"
37118,"20055"
34536,"20057"
25609,"20059"
37030,"20061"
2640,"20063"
2591,"20065"
7733,"20067"
6133,"20069"
1330,"20071"
6244,"20073"
2474,"20075"
5817,"20077"
35073,"20079"
4064,"20081"
1893,"20083"
13338,"20085"
18930,"20087"
2970,"20089"
580159,"20091"
3956,"20093"
7687,"20095"
2564,"20097"
20803,"20099"
1670,"20101"
79315,"20103"
3105,"20105"
9536,"20107"
2825,"20109"
33339,"20111"
28941,"20113"
12103,"20115"
9936,"20117"
4330,"20119"
32553,"20121"
6282,"20123"
33314,"20125"
5645,"20127"
3007,"20129"
10227,"20131"
16346,"20133"
3005,"20135"
5550,"20137"
15847,"20139"
3683,"20141"
5975,"20143"
6838,"20145"
5428,"20147"
23298,"20149"
9691,"20151"
2506,"20153"
63718,"20155"
4725,"20157"
9977,"20159"
75247,"20161"
5174,"20163"
3130,"20165"
7039,"20167"
55691,"20169"
4964,"20171"
511574,"20173"
23152,"20175"
178725,"20177"
2512,"20179"
5983,"20181"
3704,"20183"
4236,"20185"
2072,"20187"
5806,"20189"
23535,"20191"
7904,"20193"
2927,"20195"
6951,"20197"
1518,"20199"
5598,"20201"
2157,"20203"
8856,"20205"
3115,"20207"
163369,"20209"
19027,"21001"
20640,"21003"
21979,"21005"
8212,"21007"
43570,"21009"
12228,"21011"
27337,"21013"
127712,"21015"
20116,"21017"
48325,"21019"
29809,"21021"
8321,"21023"
13484,"21025"
20018,"21027"
78702,"21029"
12938,"21031"
12681,"21033"
38343,"21035"
92066,"21037"
4874,"21039"
10699,"21041"
27158,"21043"
15808,"21045"
73309,"21047"
35757,"21049"
21013,"21051"
10174,"21053"
9183,"21055"
6759,"21057"
99259,"21059"
12007,"21061"
7648,"21063"
14375,"21065"
314488,"21067"
14637,"21069"
37756,"21071"
50375,"21073"
6238,"21075"
8636,"21077"
17237,"21079"
24757,"21081"
37421,"21083"
26221,"21085"
11010,"21087"
36068,"21089"
8692,"21091"
106439,"21093"
27703,"21095"
18763,"21097"
18454,"21099"
46407,"21101"
15620,"21103"
4612,"21105"
46222,"21107"
13352,"21109"
763623,"21111"
51961,"21113"
23175,"21115"
165012,"21117"
15693,"21119"
31730,"21121"
14241,"21123"
60094,"21125"
15745,"21127"
6752,"21129"
10711,"21131"
23123,"21133"
13682,"21135"
24463,"21137"
9316,"21139"
26910,"21141"
8306,"21143"
65018,"21145"
17878,"21147"
9512,"21149"
87824,"21151"
12808,"21153"
19365,"21155"
31101,"21157"
12307,"21159"
17099,"21161"
27924,"21163"
6358,"21165"
21407,"21167"
9909,"21169"
10667,"21171"
27608,"21173"
13275,"21175"
31183,"21177"
45126,"21179"
7131,"21181"
24216,"21183"
64875,"21185"
10730,"21187"
4461,"21189"
14408,"21191"
27565,"21193"
61792,"21195"
12269,"21197"
63782,"21199"
2138,"21201"
16942,"21203"
23892,"21205"
17662,"21207"
52420,"21209"
45632,"21211"
18006,"21213"
17894,"21215"
25420,"21217"
12531,"21219"
14233,"21221"
8769,"21223"
15050,"21225"
122851,"21227"
12063,"21229"
20464,"21231"
13170,"21233"
36129,"21235"
7259,"21237"
25793,"21239"
62577,"22001"
25683,"22003"
119455,"22005"
22842,"22007"
41103,"22009"
36462,"22011"
13786,"22013"
125175,"22015"
251460,"22017"
198788,"22019"
9993,"22021"
6817,"22023"
10147,"22025"
16295,"22027"
20142,"22029"
27052,"22031"
446753,"22033"
7307,"22035"
19696,"22037"
33743,"22039"
20410,"22041"
22343,"22043"
74103,"22045"
33095,"22047"
15858,"22049"
436275,"22051"
31439,"22053"
240098,"22055"
98325,"22057"
14974,"22059"
47774,"22061"
137788,"22063"
11514,"22065"
26395,"22067"
39179,"22069"
389617,"22071"
156761,"22073"
23495,"22075"
22251,"22077"
132141,"22079"
8593,"22081"
20523,"22083"
24186,"22085"
45408,"22087"
52812,"22089"
10567,"22091"
21567,"22093"
43626,"22095"
83848,"22097"
53835,"22099"
52810,"22101"
250088,"22103"
128755,"22105"
4740,"22107"
113972,"22109"
22477,"22111"
59875,"22113"
50803,"22115"
46371,"22117"
40021,"22119"
25490,"22121"
11293,"22123"
15385,"22125"
14568,"22127"
107233,"23001"
68628,"23003"
289977,"23005"
29991,"23007"
54659,"23009"
119980,"23011"
39855,"23013"
33969,"23015"
57202,"23017"
152692,"23019"
16931,"23021"
35149,"23023"
51113,"23025"
39155,"23027"
31625,"23029"
201169,"23031"
72528,"24001"
564195,"24003"
831128,"24005"
90595,"24009"
32579,"24011"
167627,"24013"
102382,"24015"
156118,"24017"
32384,"24019"
245322,"24021"
29460,"24023"
250290,"24025"
313414,"24027"
19787,"24029"
1040116,"24031"
909535,"24033"
48904,"24035"
111413,"24037"
25768,"24039"
37512,"24041"
149585,"24043"
102370,"24045"
51540,"24047"
621849,"24510"
214333,"25001"
127828,"25003"
556772,"25005"
17299,"25007"
776043,"25009"
70601,"25011"
470690,"25013"
161292,"25015"
1585139,"25017"
10925,"25019"
696023,"25021"
510393,"25023"
778121,"25025"
818963,"25027"
10349,"26001"
9383,"26003"
114625,"26005"
28803,"26007"
23154,"26009"
15261,"26011"
8575,"26013"
59314,"26015"
105659,"26017"
17457,"26019"
154636,"26021"
43664,"26023"
134314,"26025"
51657,"26027"
26238,"26029"
25427,"26031"
38033,"26033"
30553,"26035"
77390,"26037"
13801,"26039"
36377,"26041"
25788,"26043"
108801,"26045"
33161,"26047"
410849,"26049"
25164,"26051"
15431,"26053"
91636,"26055"
41540,"26057"
45941,"26059"
36380,"26061"
31883,"26063"
286085,"26065"
64223,"26067"
25345,"26069"
11348,"26071"
70698,"26073"
159494,"26075"
260263,"26077"
17260,"26079"
636369,"26081"
2168,"26083"
11424,"26085"
88373,"26087"
21981,"26089"
98573,"26091"
187316,"26093"
6415,"26095"
10890,"26097"
864840,"26099"
24461,"26101"
67215,"26103"
28783,"26105"
43067,"26107"
23548,"26109"
83632,"26111"
14903,"26113"
149568,"26115"
62945,"26117"
9259,"26119"
172790,"26121"
47948,"26123"
1242304,"26125"
26105,"26127"
20937,"26129"
6007,"26131"
23058,"26133"
8251,"26135"
24253,"26137"
279955,"26139"
12841,"26141"
23898,"26143"
193307,"26145"
159875,"26147"
61018,"26149"
41475,"26151"
8173,"26153"
68619,"26155"
53777,"26157"
75077,"26159"
358880,"26161"
1759335,"26163"
33003,"26165"
15702,"27001"
344151,"27003"
33386,"27005"
45672,"27007"
39710,"27009"
5040,"27011"
65787,"27013"
25313,"27015"
35569,"27017"
98741,"27019"
28706,"27021"
12109,"27023"
54293,"27025"
62324,"27027"
8803,"27029"
5194,"27031"
11549,"27033"
63428,"27035"
414686,"27037"
20364,"27039"
37075,"27041"
14050,"27043"
20834,"27045"
30613,"27047"
46435,"27049"
5903,"27051"
1223149,"27053"
18773,"27055"
20655,"27057"
38429,"27059"
45435,"27061"
10079,"27063"
15837,"27065"
42542,"27067"
4424,"27069"
12841,"27071"
6856,"27073"
10631,"27075"
3923,"27077"
27663,"27079"
5771,"27081"
25673,"27083"
35932,"27085"
5457,"27087"
9423,"27089"
20022,"27091"
23102,"27093"
25788,"27095"
32775,"27097"
39116,"27099"
8413,"27101"
33347,"27103"
21770,"27105"
6678,"27107"
151436,"27109"
57716,"27111"
14219,"27113"
29069,"27115"
9271,"27117"
31533,"27119"
11041,"27121"
538133,"27123"
4055,"27125"
15471,"27127"
14892,"27129"
65400,"27131"
9600,"27133"
15770,"27135"
200431,"27137"
141660,"27139"
91705,"27141"
14875,"27143"
154708,"27145"
36755,"27147"
9796,"27149"
9340,"27151"
24257,"27153"
3401,"27155"
21239,"27157"
13875,"27159"
18989,"27161"
251597,"27163"
10952,"27165"
6396,"27167"
50885,"27169"
131311,"27171"
9875,"27173"
31254,"28001"
37388,"28003"
12574,"28005"
19043,"28007"
8182,"28009"
33322,"28011"
14717,"28013"
10243,"28015"
17328,"28017"
8299,"28019"
9150,"28021"
16006,"28023"
20048,"28025"
24620,"28027"
28773,"28029"
19543,"28031"
173323,"28033"
75944,"28035"
7743,"28037"
23373,"28039"
13522,"28041"
21578,"28043"
46420,"28045"
201410,"28047"
242891,"28049"
18340,"28051"
8669,"28053"
1337,"28055"
23609,"28057"
141425,"28059"
16569,"28061"
7507,"28063"
11665,"28065"
68215,"28067"
9969,"28069"
53154,"28071"
60618,"28073"
78524,"28075"
12622,"28077"
22763,"28079"
85300,"28081"
30999,"28083"
34649,"28085"
59710,"28087"
103465,"28089"
25563,"28091"
35916,"28093"
35827,"28095"
10152,"28097"
29463,"28099"
21747,"28101"
11043,"28103"
49800,"28105"
34167,"28107"
55191,"28109"
12277,"28111"
39956,"28113"
30908,"28115"
25459,"28117"
7486,"28119"
149039,"28121"
28265,"28123"
4585,"28125"
27222,"28127"
16059,"28129"
18070,"28131"
27005,"28133"
14588,"28135"
28296,"28137"
22131,"28139"
19552,"28141"
10343,"28143"
28429,"28145"
14638,"28147"
47485,"28149"
48130,"28151"
20566,"28153"
9899,"28155"
9122,"28157"
18317,"28159"
12447,"28161"
27387,"28163"
25378,"29001"
17296,"29003"
5306,"29005"
26096,"29007"
35829,"29009"
11880,"29011"
16446,"29013"
18670,"29015"
12182,"29017"
174974,"29019"
89100,"29021"
42951,"29023"
9014,"29025"
44834,"29027"
44237,"29029"
78572,"29031"
8992,"29033"
6263,"29035"
101603,"29037"
13934,"29039"
7589,"29041"
83279,"29043"
6801,"29045"
235637,"29047"
20609,"29049"
76720,"29051"
17642,"29053"
24526,"29055"
7595,"29057"
16393,"29059"
8253,"29061"
12687,"29063"
15593,"29065"
13373,"29067"
30895,"29069"
102426,"29071"
14858,"29073"
6692,"29075"
288072,"29077"
10097,"29079"
8615,"29081"
21737,"29083"
9201,"29085"
4484,"29087"
10139,"29089"
40117,"29091"
10125,"29093"
687623,"29095"
118596,"29097"
224124,"29099"
53951,"29101"
3910,"29103"
35473,"29105"
32701,"29107"
38180,"29109"
10207,"29111"
54696,"29113"
12308,"29115"
15028,"29117"
22643,"29119"
15335,"29121"
12408,"29123"
8963,"29125"
28880,"29127"
3694,"29129"
25113,"29131"
14036,"29133"
15963,"29135"
8583,"29137"
11703,"29139"
20171,"29141"
18208,"29143"
58615,"29145"
22810,"29147"
10953,"29149"
13628,"29151"
9409,"29153"
17482,"29155"
19183,"29157"
42255,"29159"
44794,"29161"
18348,"29163"
96096,"29165"
31229,"29167"
53221,"29169"
4858,"29171"
10196,"29173"
25104,"29175"
22810,"29177"
6432,"29179"
13802,"29181"
385590,"29183"
9440,"29185"
17919,"29186"
66520,"29187"
1003362,"29189"
23258,"29195"
4436,"29197"
4854,"29199"
39008,"29201"
8258,"29203"
6128,"29205"
29862,"29207"
30943,"29209"
6353,"29211"
54592,"29213"
25690,"29215"
20826,"29217"
33513,"29219"
24788,"29221"
13405,"29223"
37483,"29225"
2057,"29227"
18268,"29229"
315685,"29510"
9300,"30001"
13242,"30003"
6577,"30005"
5689,"30007"
10408,"30009"
1180,"30011"
82278,"30013"
5767,"30015"
12135,"30017"
1760,"30019"
9625,"30021"
9139,"30023"
3190,"30025"
11427,"30027"
96165,"30029"
100739,"30031"
1314,"30033"
13647,"30035"
827,"30037"
3240,"30039"
16572,"30041"
11645,"30043"
1926,"30045"
29457,"30047"
66418,"30049"
2408,"30051"
19052,"30053"
1683,"30055"
7915,"30057"
1830,"30059"
4251,"30061"
114181,"30063"
4582,"30065"
15972,"30067"
475,"30069"
4169,"30071"
6184,"30073"
1773,"30075"
6840,"30077"
1160,"30079"
41373,"30081"
11960,"30083"
11476,"30085"
9398,"30087"
11336,"30089"
3687,"30091"
34622,"30093"
9486,"30095"
3634,"30097"
6104,"30099"
5087,"30101"
697,"30103"
7659,"30105"
2110,"30107"
1130,"30109"
157048,"30111"
31587,"31001"
6414,"31003"
456,"31005"
788,"31007"
487,"31009"
5315,"31011"
11337,"31013"
2006,"31015"
2946,"31017"
48863,"31019"
6585,"31021"
8115,"31023"
25512,"31025"
8564,"31027"
3956,"31029"
5848,"31031"
10167,"31033"
6309,"31035"
10520,"31037"
9125,"31039"
10806,"31041"
20781,"31043"
9055,"31045"
23886,"31047"
1921,"31049"
5797,"31051"
36706,"31053"
550064,"31055"
1799,"31057"
5619,"31059"
2985,"31061"
2624,"31063"
4862,"31065"
21900,"31067"
1918,"31069"
2028,"31071"
1973,"31073"
641,"31075"
2429,"31077"
61680,"31079"
9190,"31081"
3452,"31083"
932,"31085"
2883,"31087"
10313,"31089"
732,"31091"
6409,"31093"
7263,"31095"
5173,"31097"
6585,"31099"
8063,"31101"
804,"31103"
3689,"31105"
8543,"31107"
306468,"31109"
35656,"31111"
777,"31113"
585,"31115"
475,"31117"
35039,"31119"
7787,"31121"
4854,"31123"
3595,"31125"
7046,"31127"
4329,"31129"
15984,"31131"
2659,"31133"
2944,"31135"
9296,"31137"
7208,"31139"
32847,"31141"
5202,"31143"
10829,"31145"
8094,"31147"
1381,"31149"
14282,"31151"
175692,"31153"
21016,"31155"
36261,"31157"
17110,"31159"
5220,"31161"
3091,"31163"
1260,"31165"
5937,"31167"
5163,"31169"
684,"31171"
7064,"31173"
4154,"31175"
20248,"31177"
9367,"31179"
3625,"31181"
750,"31183"
13806,"31185"
24200,"32001"
2114801,"32003"
47710,"32005"
51935,"32007"
829,"32009"
2016,"32011"
17019,"32013"
5903,"32015"
5036,"32017"
52585,"32019"
4478,"32021"
42477,"32023"
6634,"32027"
3987,"32029"
446903,"32031"
9811,"32033"
54521,"32510"
60641,"33001"
47285,"33003"
75909,"33005"
31212,"33007"
89320,"33009"
406678,"33011"
147994,"33013"
301777,"33015"
126825,"33017"
42967,"33019"
274219,"34001"
938506,"34003"
450226,"34005"
510923,"34007"
94727,"34009"
155854,"34011"
797434,"34013"
291479,"34015"
674836,"34017"
125488,"34019"
371398,"34021"
840900,"34023"
628715,"34025"
499509,"34027"
588721,"34029"
510916,"34031"
64180,"34033"
333654,"34035"
143673,"34037"
555786,"34039"
106869,"34041"
676685,"35001"
3456,"35003"
65764,"35005"
27329,"35006"
12414,"35007"
50398,"35009"
1828,"35011"
214295,"35013"
57578,"35015"
28609,"35017"
4371,"35019"
698,"35021"
4423,"35023"
71180,"35025"
19420,"35027"
17785,"35028"
24518,"35029"
76708,"35031"
4596,"35033"
64362,"35035"
8455,"35037"
39465,"35039"
19120,"35041"
139394,"35043"
118737,"35045"
27967,"35047"
148686,"35049"
11282,"35051"
17256,"35053"
32907,"35055"
15485,"35057"
4201,"35059"
75737,"35061"
309381,"36001"
47462,"36003"
1455444,"36005"
196567,"36007"
77922,"36009"
78288,"36011"
130779,"36013"
87071,"36015"
48844,"36017"
81251,"36019"
61509,"36021"
48494,"36023"
46053,"36025"
295754,"36027"
922578,"36029"
38478,"36031"
50660,"36033"
53992,"36035"
58937,"36037"
47625,"36039"
4712,"36041"
63100,"36043"
117635,"36045"
2636735,"36047"
26957,"36049"
64717,"36051"
71849,"36053"
749600,"36055"
49642,"36057"
1361350,"36059"
1644518,"36061"
212652,"36063"
232500,"36065"
468463,"36067"
109561,"36069"
377647,"36071"
41582,"36073"
120146,"36075"
60636,"36077"
99042,"36079"
2339150,"36081"
160266,"36083"
474558,"36085"
326037,"36087"
111007,"36089"
226249,"36091"
154604,"36093"
31330,"36095"
18186,"36097"
34833,"36099"
97631,"36101"
1501587,"36103"
74877,"36105"
49453,"36107"
104926,"36109"
180143,"36111"
64688,"36113"
62230,"36115"
91446,"36117"
976396,"36119"
41013,"36121"
25048,"36123"
158276,"37001"
37325,"37003"
10837,"37005"
25759,"37007"
27020,"37009"
17689,"37011"
47651,"37013"
20199,"37015"
34318,"37017"
122765,"37019"
253178,"37021"
88842,"37023"
196762,"37025"
81287,"37027"
10309,"37029"
68879,"37031"
22941,"37033"
155056,"37035"
70928,"37037"
27178,"37039"
14394,"37041"
10703,"37043"
96879,"37045"
56694,"37047"
103451,"37049"
323838,"37051"
25263,"37053"
35663,"37055"
164622,"37057"
41753,"37059"
59159,"37061"
300952,"37063"
54150,"37065"
369019,"37067"
63710,"37069"
213442,"37071"
11431,"37073"
8616,"37075"
58674,"37077"
21134,"37079"
517600,"37081"
52456,"37083"
128140,"37085"
59868,"37087"
112655,"37089"
24184,"37091"
52671,"37093"
5526,"37095"
169866,"37097"
41265,"37099"
185660,"37101"
10013,"37103"
59660,"37105"
58106,"37107"
81035,"37109"
44989,"37111"
34201,"37113"
21139,"37115"
23357,"37117"
1034070,"37119"
15246,"37121"
27548,"37123"
94352,"37125"
93919,"37127"
220358,"37129"
20426,"37131"
186311,"37133"
141354,"37135"
12781,"37137"
39829,"37139"
57611,"37141"
13440,"37143"
39259,"37145"
175842,"37147"
20366,"37149"
142799,"37151"
45437,"37153"
134197,"37155"
91758,"37157"
139142,"37159"
66390,"37161"
63724,"37163"
35509,"37165"
60714,"37167"
46351,"37169"
72743,"37171"
14434,"37173"
33211,"37175"
4070,"37177"
222742,"37179"
44568,"37181"
1024198,"37183"
20155,"37185"
12385,"37187"
52906,"37189"
124132,"37191"
68502,"37193"
81714,"37195"
37585,"37197"
17587,"37199"
2359,"38001"
11099,"38003"
6753,"38005"
936,"38007"
6716,"38009"
3294,"38011"
2308,"38013"
92991,"38015"
171512,"38017"
3828,"38019"
5104,"38021"
2450,"38023"
4646,"38025"
2365,"38027"
3402,"38029"
3356,"38031"
1845,"38033"
70916,"38035"
2388,"38037"
2314,"38039"
2704,"38041"
2417,"38043"
4125,"38045"
1935,"38047"
5968,"38049"
2759,"38051"
12826,"38053"
9744,"38055"
8853,"38057"
30310,"38059"
10331,"38061"
2968,"38063"
1846,"38065"
7091,"38067"
4312,"38069"
11630,"38071"
5448,"38073"
2571,"38075"
16402,"38077"
14649,"38079"
3876,"38081"
1310,"38083"
4370,"38085"
767,"38087"
32154,"38089"
1956,"38091"
21103,"38093"
2272,"38095"
8014,"38097"
10897,"38099"
71275,"38101"
4168,"38103"
35294,"38105"
28024,"39001"
104425,"39003"
53213,"39005"
98632,"39007"
65886,"39009"
45876,"39011"
69154,"39013"
43839,"39015"
376353,"39017"
27811,"39019"
38987,"39021"
135959,"39023"
201973,"39025"
41917,"39027"
104806,"39029"
36569,"39031"
42306,"39033"
1255921,"39035"
52076,"39037"
38352,"39039"
193013,"39041"
75550,"39043"
151408,"39045"
28679,"39047"
1251722,"39049"
42537,"39051"
30142,"39053"
94102,"39055"
164427,"39057"
39258,"39059"
807598,"39061"
75573,"39063"
31682,"39065"
15450,"39067"
27816,"39069"
43026,"39071"
28491,"39073"
43909,"39075"
58469,"39077"
32596,"39079"
67347,"39081"
61061,"39083"
229245,"39085"
61109,"39087"
170570,"39089"
45386,"39091"
305147,"39093"
433689,"39095"
44094,"39097"
231900,"39099"
65355,"39101"
176395,"39103"
23257,"39105"
40968,"39107"
104224,"39109"
14409,"39111"
532258,"39113"
14777,"39115"
35074,"39117"
86290,"39119"
14326,"39121"
40877,"39123"
18976,"39125"
35985,"39127"
56998,"39129"
28217,"39131"
162275,"39133"
41329,"39135"
34042,"39137"
121707,"39139"
77170,"39141"
59679,"39143"
76825,"39145"
55610,"39147"
48901,"39149"
375165,"39151"
541968,"39153"
203751,"39155"
92916,"39157"
54277,"39159"
28562,"39161"
13048,"39163"
224469,"39165"
61112,"39167"
116063,"39169"
37120,"39171"
129730,"39173"
22243,"39175"
22004,"40001"
5868,"40003"
13793,"40005"
5427,"40007"
23768,"40009"
9833,"40011"
44884,"40013"
29343,"40015"
133378,"40017"
48689,"40019"
48447,"40021"
14997,"40023"
2216,"40025"
274458,"40027"
5651,"40029"
124648,"40031"
5996,"40033"
14818,"40035"
70892,"40037"
29744,"40039"
41459,"40041"
4995,"40043"
4231,"40045"
63569,"40047"
27755,"40049"
54648,"40051"
4523,"40053"
6070,"40055"
2788,"40057"
3754,"40059"
12845,"40061"
13735,"40063"
25574,"40065"
6276,"40067"
10980,"40069"
45366,"40071"
15584,"40073"
9144,"40075"
10483,"40077"
49605,"40079"
35042,"40081"
45996,"40083"
9870,"40085"
38066,"40087"
33048,"40089"
19990,"40091"
7771,"40093"
16232,"40095"
40887,"40097"
13936,"40099"
69699,"40101"
11554,"40103"
10539,"40105"
12181,"40107"
776864,"40109"
39187,"40111"
47887,"40113"
31981,"40115"
16436,"40117"
80850,"40119"
44610,"40121"
38194,"40123"
71875,"40125"
11183,"40127"
3788,"40129"
90802,"40131"
25548,"40133"
41153,"40135"
44581,"40137"
21489,"40139"
7515,"40141"
639242,"40143"
76559,"40145"
52021,"40147"
11661,"40149"
9304,"40151"
21559,"40153"
16005,"41001"
87572,"41003"
401515,"41005"
37831,"41007"
49600,"41009"
63121,"41011"
21630,"41013"
22483,"41015"
175268,"41017"
107685,"41019"
1859,"41021"
7185,"41023"
7200,"41025"
23137,"41027"
212567,"41029"
22666,"41031"
84745,"41033"
66016,"41035"
7829,"41037"
362895,"41039"
47038,"41041"
120547,"41043"
30380,"41045"
330700,"41047"
11190,"41049"
790294,"41051"
79391,"41053"
1680,"41055"
25653,"41057"
76531,"41059"
25790,"41061"
6856,"41063"
25775,"41065"
574326,"41067"
1358,"41069"
102659,"41071"
102295,"42001"
1230459,"42003"
67052,"42005"
168871,"42007"
48586,"42009"
415271,"42011"
125593,"42013"
61281,"42015"
627367,"42017"
186818,"42019"
136411,"42021"
4732,"42023"
63960,"42025"
160580,"42027"
515939,"42029"
39498,"42031"
80994,"42033"
39441,"42035"
66672,"42037"
86484,"42039"
246338,"42041"
272983,"42043"
563894,"42045"
30872,"42047"
278045,"42049"
133628,"42051"
7410,"42053"
153638,"42055"
14629,"42057"
37519,"42059"
45668,"42061"
86966,"42063"
44430,"42065"
24737,"42067"
211917,"42069"
536624,"42071"
88082,"42073"
137067,"42075"
360685,"42077"
318449,"42079"
116048,"42081"
42412,"42083"
114234,"42085"
46500,"42087"
166397,"42089"
819264,"42091"
18557,"42093"
300813,"42095"
93246,"42097"
45685,"42099"
1567442,"42101"
55949,"42103"
17093,"42105"
144590,"42107"
40444,"42109"
75522,"42111"
6328,"42113"
41666,"42115"
41877,"42117"
44954,"42119"
53119,"42121"
40396,"42123"
208261,"42125"
51198,"42127"
357956,"42129"
27800,"42131"
442867,"42133"
49084,"44001"
164801,"44003"
82423,"44005"
633473,"44007"
126517,"44009"
24932,"45001"
165829,"45003"
9433,"45005"
194692,"45007"
14880,"45009"
21725,"45011"
179589,"45013"
202786,"45015"
14781,"45017"
389262,"45019"
56194,"45021"
32267,"45023"
46017,"45025"
33775,"45027"
37731,"45029"
67548,"45031"
31234,"45033"
152478,"45035"
26514,"45037"
22747,"45039"
138900,"45041"
61298,"45043"
491863,"45045"
69838,"45047"
20049,"45049"
309199,"45051"
27824,"45053"
63603,"45055"
85842,"45057"
66623,"45059"
17896,"45061"
281833,"45063"
9706,"45065"
31747,"45067"
27494,"45069"
38012,"45071"
75713,"45073"
89208,"45075"
121691,"45077"
407051,"45079"
20053,"45081"
297302,"45083"
107480,"45085"
27777,"45087"
32535,"45089"
251195,"45091"
2733,"46003"
18372,"46005"
3423,"46007"
6985,"46009"
33897,"46011"
38785,"46013"
5281,"46015"
2095,"46017"
10283,"46019"
1397,"46021"
9383,"46023"
3659,"46025"
13964,"46027"
27939,"46029"
4197,"46031"
8446,"46033"
19858,"46035"
5539,"46037"
4333,"46039"
5685,"46041"
2977,"46043"
3999,"46045"
6867,"46047"
2337,"46049"
7142,"46051"
4201,"46053"
1861,"46055"
6047,"46057"
3348,"46059"
3385,"46061"
1267,"46063"
17555,"46065"
7301,"46067"
1397,"46069"
3321,"46071"
1997,"46073"
924,"46075"
4990,"46077"
12622,"46079"
24827,"46081"
52849,"46083"
3876,"46085"
5599,"46087"
2415,"46089"
4769,"46091"
26986,"46093"
2050,"46095"
2236,"46097"
185197,"46099"
6430,"46101"
14373,"46102"
108702,"46103"
3019,"46105"
2320,"46107"
10311,"46109"
2355,"46111"
6524,"46115"
2954,"46117"
1426,"46119"
9959,"46121"
5434,"46123"
8209,"46125"
14909,"46127"
5443,"46129"
22702,"46135"
2803,"46137"
75749,"47001"
47183,"47003"
16129,"47005"
14502,"47007"
127253,"47009"
104091,"47011"
39752,"47013"
13840,"47015"
27910,"47017"
56486,"47019"
39741,"47021"
17471,"47023"
31709,"47025"
7771,"47027"
35162,"47029"
54277,"47031"
14601,"47033"
58229,"47035"
678889,"47037"
11660,"47039"
19182,"47041"
51487,"47043"
37893,"47045"
39165,"47047"
17917,"47049"
41449,"47051"
49399,"47053"
28946,"47055"
22846,"47057"
68580,"47059"
13441,"47061"
63402,"47063"
354098,"47065"
6572,"47067"
25707,"47069"
25756,"47071"
56471,"47073"
18023,"47075"
28015,"47077"
32147,"47079"
24363,"47081"
8149,"47083"
18135,"47085"
11509,"47087"
53240,"47089"
17830,"47091"
451324,"47093"
7576,"47095"
26936,"47097"
42564,"47099"
11854,"47101"
33743,"47103"
51130,"47105"
52639,"47107"
26066,"47109"
23177,"47111"
97610,"47113"
28487,"47115"
31552,"47117"
87757,"47119"
11830,"47121"
45771,"47123"
193479,"47125"
6322,"47127"
21498,"47129"
30639,"47131"
22129,"47133"
7929,"47135"
5146,"47137"
16773,"47139"
74553,"47141"
32526,"47143"
52753,"47145"
68570,"47147"
298612,"47149"
21950,"47151"
14811,"47153"
95946,"47155"
938069,"47157"
19295,"47159"
13259,"47161"
156791,"47163"
175989,"47165"
61870,"47167"
8042,"47169"
17860,"47171"
19119,"47173"
5677,"47175"
40435,"47177"
126302,"47179"
16748,"47181"
33960,"47183"
26521,"47185"
211672,"47187"
128911,"47189"
57580,"48001"
18105,"48003"
88255,"48005"
25350,"48007"
8715,"48009"
1947,"48011"
48435,"48013"
29563,"48015"
7210,"48017"
21269,"48019"
80527,"48021"
3618,"48023"
32874,"48025"
334941,"48027"
1897753,"48029"
11004,"48031"
648,"48033"
17891,"48035"
93389,"48037"
346312,"48039"
215037,"48041"
9145,"48043"
1505,"48045"
7230,"48047"
37896,"48049"
17460,"48051"
45463,"48053"
40522,"48055"
21895,"48057"
13557,"48059"
422156,"48061"
12682,"48063"
5969,"48065"
30313,"48067"
7656,"48069"
38863,"48071"
51542,"48073"
7088,"48075"
10360,"48077"
2953,"48079"
3238,"48081"
8338,"48083"
914127,"48085"
3044,"48087"
20870,"48089"
129048,"48091"
13430,"48093"
4081,"48095"
39229,"48097"
75503,"48099"
1426,"48101"
5048,"48103"
3710,"48105"
5977,"48107"
2236,"48109"
7121,"48111"
2553385,"48113"
13520,"48115"
18952,"48117"
5217,"48119"
780612,"48121"
20797,"48123"
2206,"48125"
10980,"48127"
3499,"48129"
11388,"48131"
18171,"48133"
159436,"48135"
1894,"48137"
163632,"48139"
835593,"48141"
41122,"48143"
17142,"48145"
33693,"48147"
25110,"48149"
3827,"48151"
5901,"48153"
1220,"48155"
716087,"48157"
10651,"48159"
19691,"48161"
18793,"48163"
20051,"48165"
322225,"48167"
6415,"48169"
25963,"48171"
1315,"48173"
7531,"48175"
20573,"48177"
23210,"48179"
125467,"48181"
124108,"48183"
27512,"48185"
151249,"48187"
34360,"48189"
3138,"48191"
8159,"48193"
5610,"48195"
3840,"48197"
55865,"48199"
4538028,"48201"
66746,"48203"
6193,"48205"
5737,"48207"
194739,"48209"
4264,"48211"
79545,"48213"
842304,"48215"
34855,"48217"
23433,"48219"
55423,"48221"
36223,"48223"
22785,"48225"
37206,"48227"
3379,"48229"
89844,"48231"
21734,"48233"
1554,"48235"
8878,"48237"
14816,"48239"
35506,"48241"
2156,"48243"
254308,"48245"
5200,"48247"
41382,"48249"
159990,"48251"
19970,"48253"
14975,"48255"
114690,"48257"
40384,"48259"
407,"48261"
764,"48263"
50955,"48265"
4388,"48267"
282,"48269"
3549,"48271"
31857,"48273"
3860,"48275"
49440,"48277"
13385,"48279"
20588,"48281"
7631,"48283"
19836,"48285"
16898,"48287"
17086,"48289"
79654,"48291"
23320,"48293"
3569,"48295"
12229,"48297"
19796,"48299"
112,"48301"
299453,"48303"
5724,"48305"
8341,"48307"
245671,"48309"
820,"48311"
14065,"48313"
10160,"48315"
5641,"48317"
4032,"48319"
36770,"48321"
57706,"48323"
48417,"48325"
2164,"48327"
161077,"48329"
24513,"48331"
4900,"48333"
9067,"48335"
19262,"48337"
537559,"48339"
22255,"48341"
12516,"48343"
1148,"48345"
65664,"48347"
48323,"48349"
13986,"48351"
15107,"48353"
359715,"48355"
10747,"48357"
2069,"48359"
84260,"48361"
27895,"48363"
23766,"48365"
126042,"48367"
9749,"48369"
16203,"48371"
46972,"48373"
121802,"48375"
6876,"48377"
11161,"48379"
130269,"48381"
3792,"48383"
3307,"48385"
12455,"48387"
14732,"48389"
7289,"48391"
916,"48393"
16659,"48395"
90861,"48397"
10551,"48399"
53070,"48401"
10368,"48403"
8473,"48405"
27413,"48407"
67357,"48409"
5901,"48411"
3211,"48413"
17615,"48415"
3350,"48417"
25402,"48419"
3072,"48421"
222936,"48423"
8739,"48425"
63795,"48427"
9440,"48429"
1352,"48431"
1410,"48433"
3913,"48435"
7533,"48437"
1982498,"48439"
136051,"48441"
837,"48443"
12739,"48445"
1579,"48447"
32623,"48449"
118105,"48451"
1176558,"48453"
14402,"48455"
21347,"48457"
40603,"48459"
3651,"48461"
27245,"48463"
48988,"48465"
53547,"48467"
92382,"48469"
70699,"48471"
48656,"48473"
11721,"48475"
34765,"48477"
269721,"48479"
41486,"48481"
5657,"48483"
131705,"48485"
13027,"48487"
21903,"48489"
508514,"48491"
47520,"48493"
8005,"48495"
62953,"48497"
43356,"48499"
8546,"48501"
18270,"48503"
14374,"48505"
12235,"48507"
6354,"49001"
52097,"49003"
120783,"49005"
20479,"49007"
1109,"49009"
336043,"49011"
20862,"49013"
10370,"49015"
5009,"49017"
9516,"49019"
48368,"49021"
10594,"49023"
7131,"49025"
12645,"49027"
11065,"49029"
1517,"49031"
2311,"49033"
1107314,"49035"
15772,"49037"
28778,"49039"
20984,"49041"
39633,"49043"
62952,"49045"
37928,"49047"
575205,"49049"
29161,"49051"
155602,"49053"
2692,"49055"
243645,"49057"
37035,"50001"
36317,"50003"
30780,"50005"
161382,"50007"
6163,"50009"
48799,"50011"
6861,"50013"
25235,"50015"
28899,"50017"
27100,"50019"
59736,"50021"
58612,"50023"
43386,"50025"
55737,"50027"
32973,"51001"
105703,"51003"
15677,"51005"
12903,"51007"
31914,"51009"
15414,"51011"
229164,"51013"
74314,"51015"
4470,"51017"
77724,"51019"
6561,"51021"
33347,"51023"
16698,"51025"
22776,"51027"
17032,"51029"
55086,"51031"
29984,"51033"
29724,"51035"
7040,"51036"
12201,"51037"
335687,"51041"
14363,"51043"
5211,"51045"
49432,"51047"
9719,"51049"
15115,"51051"
27852,"51053"
11130,"51057"
1142234,"51059"
68782,"51061"
15651,"51063"
26235,"51065"
56264,"51067"
83199,"51069"
16708,"51071"
37143,"51073"
22253,"51075"
16012,"51077"
19162,"51079"
11885,"51081"
35125,"51083"
103227,"51085"
325155,"51087"
51881,"51089"
2214,"51091"
36314,"51093"
73147,"51095"
7158,"51097"
25515,"51099"
16269,"51101"
10965,"51103"
24742,"51105"
375629,"51107"
34602,"51109"
12299,"51111"
13134,"51113"
8862,"51115"
31081,"51117"
10606,"51119"
97653,"51121"
14785,"51125"
20392,"51127"
12155,"51131"
12232,"51133"
15673,"51135"
35385,"51137"
23726,"51139"
18045,"51141"
62194,"51143"
28031,"51145"
22952,"51147"
37862,"51149"
451721,"51153"
34332,"51155"
7378,"51157"
8908,"51159"
94409,"51161"
22354,"51163"
78593,"51165"
27891,"51167"
22126,"51169"
43190,"51171"
31470,"51173"
18109,"51175"
130475,"51177"
142003,"51179"
6709,"51181"
11715,"51183"
42899,"51185"
39083,"51187"
54591,"51191"
17629,"51193"
39718,"51195"
29119,"51197"
67837,"51199"
153511,"51510"
17141,"51520"
6618,"51530"
46597,"51540"
235429,"51550"
17820,"51570"
5658,"51580"
42082,"51590"
5496,"51595"
24013,"51600"
13892,"51610"
8490,"51620"
28118,"51630"
6914,"51640"
136454,"51650"
52538,"51660"
22378,"51670"
7262,"51678"
79812,"51680"
41764,"51683"
15726,"51685"
13645,"51690"
182385,"51700"
246393,"51710"
3939,"51720"
32477,"51730"
12059,"51735"
96201,"51740"
17403,"51750"
220289,"51760"
99897,"51770"
25432,"51775"
24416,"51790"
88161,"51800"
452745,"51810"
21491,"51820"
15052,"51830"
27284,"51840"
19254,"53001"
22105,"53003"
190309,"53005"
75644,"53007"
73486,"53009"
459495,"53011"
3944,"53013"
103468,"53015"
40534,"53017"
7582,"53019"
88807,"53021"
2219,"53023"
93259,"53025"
71122,"53027"
80593,"53029"
30466,"53031"
2117125,"53033"
260131,"53035"
43269,"53037"
21026,"53039"
75882,"53041"
10321,"53043"
61023,"53045"
41516,"53047"
20848,"53049"
13088,"53051"
843954,"53053"
16252,"53055"
121846,"53057"
11339,"53059"
772501,"53061"
490945,"53063"
43791,"53065"
269536,"53067"
4042,"53069"
60338,"53071"
212284,"53073"
48177,"53075"
248830,"53077"
16704,"54001"
111901,"54003"
23372,"54005"
14415,"54007"
23350,"54009"
96844,"54011"
7470,"54013"
8910,"54015"
8176,"54017"
44997,"54019"
8518,"54021"
11766,"54023"
35516,"54025"
23353,"54027"
29815,"54029"
13852,"54031"
68714,"54033"
29237,"54035"
56482,"54037"
188332,"54039"
16448,"54041"
21415,"54043"
34707,"54045"
19835,"54047"
56925,"54049"
31978,"54051"
27037,"54053"
61164,"54055"
27451,"54057"
25292,"54059"
104236,"54061"
13506,"54063"
17524,"54065"
25594,"54067"
43066,"54069"
7229,"54071"
7674,"54073"
8607,"54075"
33940,"54077"
56848,"54079"
77510,"54081"
29126,"54083"
9982,"54085"
14435,"54087"
13239,"54089"
16912,"54091"
6966,"54093"
8975,"54095"
24758,"54097"
40971,"54099"
8755,"54101"
15816,"54103"
5880,"54105"
86452,"54107"
22151,"54109"
20148,"55001"
15843,"55003"
45563,"55005"
14977,"55007"
258718,"55009"
13192,"55011"
15159,"55013"
49762,"55015"
63531,"55017"
34445,"55019"
56743,"55021"
16391,"55023"
523643,"55025"
88502,"55027"
27554,"55029"
43601,"55031"
44497,"55033"
102105,"55035"
4464,"55037"
101973,"55039"
9057,"55041"
52250,"55043"
37186,"55045"
18856,"55047"
23813,"55049"
5794,"55051"
20554,"55053"
84559,"55055"
26224,"55057"
168437,"55059"
20366,"55061"
118212,"55063"
16829,"55065"
19223,"55067"
27980,"55069"
79806,"55071"
135868,"55073"
40884,"55075"
15075,"55077"
4573,"55078"
957735,"55079"
45549,"55081"
37435,"55083"
35567,"55085"
183245,"55087"
87850,"55089"
7290,"55091"
40889,"55093"
43441,"55095"
70408,"55097"
13645,"55099"
195080,"55101"
17495,"55103"
161448,"55105"
14124,"55107"
87513,"55109"
63642,"55111"
16376,"55113"
41304,"55115"
115569,"55117"
20455,"55119"
29550,"55121"
30506,"55123"
21387,"55125"
102804,"55127"
15552,"55129"
133674,"55131"
396488,"55133"
51945,"55135"
24033,"55137"
169546,"55139"
73435,"55141"
37956,"56001"
12022,"56003"
49220,"56005"
15559,"56007"
14236,"56009"
7444,"56011"
40315,"56013"
13383,"56015"
4741,"56017"
8585,"56019"
97121,"56021"
18722,"56023"
82178,"56025"
2542,"56027"
29228,"56029"
8812,"56031"
30009,"56033"
9899,"56035"
44626,"56037"
23125,"56039"
20822,"56041"
8328,"56043"
7234,"56045"
