time,total_packets
1645219797.8177013,31625956
1645219798.1525412,31625957
1645219798.4872618,31625959
1645219798.8224363,31625959
1645219799.157101,31625959
1645219799.4917495,31625961
1645219799.8263981,31625962
1645219800.1610386,31625962
1645219800.4956963,31625963
1645219800.8303547,31625964
1645219801.164999,31625964
1645219801.4996793,31625965
1645219801.8343723,31625965
1645219802.1690164,31625966
1645219802.503695,31625967
1645219802.838344,31625967
1645219803.1729999,31625972
1645219803.5076468,31625973
1645219803.8423092,31625973
1645219804.1769314,31625975
1645219804.5116303,31625976
1645219804.8463244,31625976
1645219805.1809666,31625976
1645219805.5156617,31625977
1645219805.850331,31625977
1645219806.185157,31625978
1645219806.51983,31625979
1645219806.8544858,31625979
1645219807.1891615,31625981
1645219807.52384,31625982
1645219807.8584878,31625983
1645219808.1931303,31625983
1645219808.5277755,31625985
1645219808.8624716,31625985
1645219809.197106,31625985
1645219809.5317497,31625986
1645219809.8664012,31625986
1645219810.2010448,31625986
1645219810.5357049,31625987
1645219810.8704073,31625988
1645219811.2052634,31625988
1645219811.5399394,31625989
1645219811.8746312,31625989
1645219812.2093275,31625989
1645219812.5439816,31625990
1645219812.8785565,31625991
1645219813.2132657,31625995
1645219813.547925,31625997
1645219813.8824966,31626007
1645219814.2171865,31626007
1645219814.5518465,31626008
1645219814.8865361,31626008
1645219815.2212093,31626008
1645219815.555869,31626009
1645219815.8904798,31626010
1645219816.2251124,31626010
1645219816.5597997,31626011
1645219816.8944817,31626011
1645219817.2291179,31626012
1645219817.563467,31626013
1645219817.8981068,31626013
1645219818.2327523,31626015
1645219818.5674005,31626022
1645219818.9020393,31626024
1645219819.2366848,31626025
1645219819.5713327,31626026
1645219819.9059825,31626028
1645219820.2406683,31626028
1645219820.5753267,31626031
1645219820.9099827,31626036
1645219821.2446325,31626036
1645219821.579333,31626103
1645219821.9140782,31626104
1645219822.2487514,31626104
1645219822.583414,31626105
1645219822.9180913,31626106
1645219823.2527523,31626106
1645219823.5874,31626107
1645219823.9220421,31626107
1645219824.2567358,31626107
1645219824.591385,31626111
1645219824.9260385,31626113
1645219825.2606835,31626118
1645219825.5954063,31626122
1645219825.9300468,31626122
1645219826.2646945,31626146
1645219826.5993872,31626148
1645219826.934034,31626150
1645219827.268692,31626150
1645219827.6034,31626151
1645219827.9380429,31626151
1645219828.2726848,31626151
1645219828.607386,31626152
1645219828.942025,31626152
1645219829.2764652,31626153
1645219829.6111042,31626154
1645219829.9457486,31626156
1645219830.2804024,31626156
1645219830.6150498,31626158
1645219830.949465,31626158
1645219831.2841032,31626158
1645219831.6187472,31626159
1645219831.9534461,31626159
1645219832.2880862,31626160
1645219832.6227326,31626161
1645219832.957412,31626161
1645219833.2920523,31626164
1645219833.6266992,31626165
1645219833.961362,31626165
1645219834.2960036,31626165
1645219834.6306462,31626166
1645219834.9652972,31626166
1645219835.2999487,31626166
1645219835.6346412,31626167
1645219835.969346,31626168
1645219836.3044763,31626168
1645219836.6391673,31626169
1645219836.9738173,31626169
1645219837.3085158,31626169
1645219837.6431534,31626170
1645219837.9778423,31626170
1645219838.3125358,31626170
1645219838.6471744,31626171
1645219838.9818084,31626171
1645219839.3164485,31626171
1645219839.6510854,31626172
1645219839.9856498,31626172
1645219840.3203986,31626172
1645219840.6550338,31626174
1645219840.9896746,31626174
1645219841.3243206,31626174
1645219841.6589692,31626175
1645219841.9936578,31626175
1645219842.3283634,31626175
1645219842.6630054,31626176
1645219842.9976594,31626176
1645219843.3323452,31626176
1645219843.6669922,31626177
1645219844.0016868,31626177
1645219844.336379,31626177
1645219844.6710293,31626178
1645219845.0056682,31626178
1645219845.3404148,31626178
1645219845.675068,31626179
1645219846.0097084,31626179
1645219846.3443599,31626180
1645219846.6789966,31626181
1645219847.0136921,31626181
1645219847.3483424,31626181
1645219847.6829858,31626183
1645219848.017637,31626183
1645219848.3522873,31626183
1645219848.6869407,31626184
1645219849.0215938,31626184
1645219849.3562703,31626184
1645219849.690918,31626185
1645219850.0255597,31626185
1645219850.3601973,31626186
1645219850.6948516,31626188
1645219851.0295513,31626188
1645219851.3641965,31626188
1645219851.6988406,31626189
1645219852.0335424,31626189
1645219852.3681815,31626190
1645219852.7028217,31626191
1645219853.0374708,31626191
1645219853.3721097,31626191
1645219853.7068112,31626192
1645219854.0414586,31626192
1645219854.3761024,31626192
1645219854.7107449,31626194
1645219855.0460856,31626194
1645219855.380475,31626196
1645219855.7151124,31626197
1645219856.049752,31626197
1645219856.3844368,31626197
1645219856.7190797,31626198
1645219857.0537238,31626198
1645219857.388403,31626198
1645219857.7230453,31626199
1645219858.0576916,31626201
1645219858.3923788,31626201
1645219858.7270153,31626204
1645219859.061908,31626204
1645219859.3965728,31626204
1645219859.7312624,31626205
1645219860.0659099,31626205
1645219860.40057,31626206
1645219860.7352593,31626208
1645219861.0699155,31626208
1645219861.4044664,31626208
1645219861.7391152,31626209
1645219862.0737627,31626209
1645219862.4084117,31626209
1645219862.7430477,31626210
1645219863.0776985,31626213
1645219863.4123583,31626213
1645219863.7470093,31626214
1645219864.081658,31626214
1645219864.4163108,31626214
1645219864.7509568,31626215
1645219865.085605,31626215
1645219865.4202623,31626215
1645219865.75491,31626216
1645219866.089582,31626217
1645219866.4244308,31626217
1645219866.7591078,31626218
1645219867.0937738,31626218
1645219867.428455,31626220
1645219867.7630994,31626224
1645219868.0977564,31626225
1645219868.4324043,31626228
1645219868.7670438,31626229
1645219869.1016884,31626229
1645219869.4363456,31626230
1645219869.7709901,31626231
1645219870.1056433,31626233
1645219870.44039,31626234
1645219870.7750764,31626236
1645219871.1099007,31626236
1645219871.4446285,31626237
1645219871.7793615,31626238
1645219872.1140523,31626238
1645219872.448747,31626239
1645219872.7834718,31626239
1645219873.117715,31626239
1645219873.4524164,31626241
1645219873.7870877,31626241
1645219874.1214652,31626241
1645219874.4561205,31626242
1645219874.7908096,31626242
1645219875.125464,31626242
1645219875.4601197,31626243
1645219875.7948084,31626243
1645219876.1294658,31626243
1645219876.4641154,31626244
1645219876.7988567,31626244
1645219877.133469,31626244
1645219877.468124,31626245
1645219877.8027759,31626245
1645219878.1374707,31626245
1645219878.4721224,31626246
1645219878.806804,31626246
1645219879.1414878,31626246
1645219879.4761338,31626247
1645219879.8108199,31626260
1645219880.1458428,31626260
1645219880.4806678,31626263
1645219880.81541,31626264
1645219881.1500773,31626265
1645219881.4847906,31626266
1645219881.8194795,31626266
1645219882.1541378,31626266
1645219882.4888613,31626267
1645219882.8235753,31626267
1645219883.1582515,31626267
1645219883.4929354,31626268
1645219883.827637,31626269
1645219884.1623704,31626269
1645219884.497032,31626270
1645219884.8317459,31626270
1645219885.1664708,31626270
1645219885.5011287,31626272
1645219885.8358383,31626272
1645219886.1704922,31626272
1645219886.5051699,31626273
1645219886.8398044,31626273
1645219887.1745017,31626274
1645219887.509135,31626275
1645219887.8437552,31626276
1645219888.1784384,31626276
1645219888.5130503,31626277
1645219888.8476646,31626277
1645219889.1822932,31626277
1645219889.5169122,31626278
1645219889.8515255,31626278
1645219890.1861327,31626278
1645219890.5208054,31626279
1645219890.8554368,31626280
1645219891.190062,31626281
1645219891.5246933,31626282
1645219891.8593032,31626282
1645219892.1939483,31626283
1645219892.5286279,31626284
1645219892.8632717,31626284
1645219893.1979237,31626286
1645219893.5325608,31626287
1645219893.867185,31626287
1645219894.201797,31626288
1645219894.5364811,31626289
1645219894.8710968,31626289
1645219895.2057285,31626289
1645219895.5403686,31626290
1645219895.8748906,31626290
1645219896.2099528,31626291
1645219896.5447264,31626292
1645219896.8794503,31626292
1645219897.2140784,31626292
1645219897.5487075,31626293
1645219897.8833375,31626294
1645219898.2179637,31626295
1645219898.5525904,31626296
1645219898.8872757,31626296
1645219899.2219071,31626296
1645219899.5565622,31626297
1645219899.8911865,31626305
1645219900.2261775,31626309
1645219900.5608327,31626311
1645219900.8954782,31626313
1645219901.2301137,31626316
1645219901.564745,31626317
1645219901.899442,31626319
1645219902.234066,31626319
1645219902.56872,31626320
1645219902.903421,31626320
1645219903.2380643,31626320
1645219903.5726843,31626321
1645219903.9073296,31626321
1645219904.2419333,31626321
1645219904.5765183,31626322
1645219904.9111428,31626322
1645219905.2457693,31626322
1645219905.5804098,31626323
1645219905.9150457,31626323
1645219906.249705,31626323
1645219906.584407,31626324
1645219906.9190428,31626324
1645219907.253667,31626324
1645219907.5882921,31626326
1645219907.9229171,31626327
1645219908.2575092,31626327
1645219908.59213,31626328
1645219908.9267478,31626328
1645219909.2614412,31626328
1645219909.596049,31626329
1645219909.9306726,31626330
1645219910.265371,31626331
1645219910.6000023,31626332
1645219910.9346638,31626334
1645219911.2693837,31626334
1645219911.6040123,31626335
1645219911.938634,31626335
1645219912.2732625,31626335
1645219912.6078908,31626336
1645219912.9426105,31626336
1645219913.2772737,31626337
1645219913.6118965,31626338
1645219913.9465168,31626338
1645219914.2811391,31626338
1645219914.615756,31626340
1645219914.9504879,31626341
1645219915.2856522,31626341
1645219915.620282,31626343
1645219915.9549367,31626344
1645219916.2896109,31626344
1645219916.6242745,31626345
1645219916.9589283,31626345
1645219917.2935653,31626345
1645219917.6281834,31626346
1645219917.962802,31626346
1645219918.297475,31626346
1645219918.6320972,31626347
1645219918.9667225,31626349
1645219919.3017514,31626350
1645219919.6364331,31626351
1645219919.971048,31626351
1645219920.3056679,31626351
1645219920.6403666,31626352
1645219920.9749858,31626354
1645219921.3096397,31626355
1645219921.6442704,31626357
1645219921.978934,31626357
1645219922.3136172,31626357
1645219922.6482635,31626358
1645219922.9828935,31626358
1645219923.3173914,31626362
1645219923.6521144,31626363
1645219923.9867396,31626363
1645219924.3214285,31626364
1645219924.6560445,31626365
1645219924.990464,31626365
1645219925.325091,31626365
1645219925.6597214,31626366
1645219925.9943683,31626367
1645219926.329321,31626367
1645219926.663988,31626368
1645219926.9985175,31626368
1645219927.3331518,31626368
1645219927.6677735,31626369
1645219928.002406,31626370
1645219928.3370292,31626370
1645219928.6716468,31626371
1645219929.0062776,31626371
1645219929.340864,31626371
1645219929.6755369,31626372
1645219930.0101619,31626372
1645219930.344803,31626372
1645219930.6795094,31626373
1645219931.0142725,31626375
1645219931.3489609,31626375
1645219931.6836252,31626376
1645219932.0182602,31626377
1645219932.3529248,31626377
1645219932.6876104,31626378
1645219933.0222583,31626378
1645219933.3569162,31626378
1645219933.6915464,31626379
1645219934.026183,31626379
1645219934.3608003,31626379
1645219934.6954737,31626380
1645219935.0301046,31626380
1645219935.3647332,31626381
1645219935.6994476,31626382
1645219936.0340831,31626382
1645219936.3684769,31626382
1645219936.7031107,31626383
1645219937.0377352,31626383
1645219937.3723602,31626383
1645219937.7070122,31626384
1645219938.0417218,31626384
1645219938.3764217,31626384
1645219938.7110505,31626385
1645219939.0457048,31626385
1645219939.3803859,31626386
1645219939.7150226,31626387
1645219940.0497065,31626387
1645219940.3843884,31626387
1645219940.71893,31626389
1645219941.053706,31626389
1645219941.38839,31626389
1645219941.7230122,31626391
1645219942.0576782,31626391
1645219942.3923683,31626391
1645219942.7269914,31626392
1645219943.061646,31626392
1645219943.3962724,31626393
1645219943.7308931,31626394
1645219944.065574,31626394
1645219944.400202,31626395
1645219944.7348156,31626396
1645219945.0694396,31626396
1645219945.4040606,31626397
1645219945.738689,31626399
1645219946.073374,31626399
1645219946.4079905,31626399
1645219946.7426326,31626400
1645219947.0772598,31626400
1645219947.4119139,31626400
1645219947.7464836,31626401
1645219948.0811079,31626401
1645219948.4157286,31626403
1645219948.7504122,31626404
1645219949.0850308,31626404
1645219949.4196675,31626405
1645219949.7543542,31626406
1645219950.0889726,31626406
1645219950.4236388,31626406
1645219950.758336,31626408
1645219951.0929642,31626409
1645219951.4276865,31626409
1645219951.7623897,31626410
1645219952.096932,31626422
1645219952.4316375,31626422
1645219952.7662709,31626423
1645219953.1008954,31626425
1645219953.4355285,31626427
1645219953.7701573,31626430
1645219954.1047888,31626430
1645219954.4394116,31626434
1645219954.774031,31626440
1645219955.108695,31626442
1645219955.4433434,31626444
1645219955.7779994,31626447
1645219956.112645,31626452
1645219956.4474778,31626456
1645219956.7821765,31626463
1645219957.1168177,31626463
1645219957.451454,31626465
1645219957.7859912,31626472
1645219958.12071,31626475
1645219958.4554145,31626475
1645219958.7900379,31626476
1645219959.1245844,31626476
1645219959.459267,31626476
1645219959.7938883,31626481
1645219960.128515,31626488
1645219960.463173,31626488
1645219960.7978063,31626489
1645219961.1324391,31626489
1645219961.467068,31626489
1645219961.8016894,31626490
1645219962.1363788,31626490
1645219962.4710016,31626490
1645219962.8056498,31626491
1645219963.1402786,31626491
1645219963.4749062,31626491
1645219963.8095863,31626494
1645219964.1442575,31626501
1645219964.478888,31626501
1645219964.8135943,31626502
1645219965.148149,31626502
1645219965.4827569,31626502
1645219965.817384,31626503
1645219966.152,31626503
1645219966.486687,31626503
1645219966.8213785,31626505
1645219967.1560025,31626505
1645219967.4906766,31626505
1645219967.8253112,31626508
1645219968.1599407,31626508
1645219968.4945662,31626508
1645219968.8292043,31626513
1645219969.1638308,31626518
1645219969.498515,31626518
1645219969.8331447,31626519
1645219970.1677666,31626521
1645219970.5024745,31626522
1645219970.8370986,31626523
1645219971.1717234,31626524
1645219971.5063488,31626524
1645219971.8410032,31626525
1645219972.1755853,31626525
1645219972.5102646,31626525
1645219972.8448906,31626526
1645219973.1795552,31626526
1645219973.5141773,31626526
1645219973.8487933,31626528
1645219974.1834521,31626528
1645219974.5180705,31626528
1645219974.852611,31626529
1645219975.1871786,31626530
1645219975.522498,31626531
1645219975.8571148,31626569
1645219976.1917815,31626569
1645219976.5264285,31626570
1645219976.8610663,31626571
1645219977.1957207,31626571
1645219977.5304205,31626572
1645219977.8650422,31626575
